<?xml version="1.0" encoding="UTF-8" standalone="yes"?>
<sentences>
    <sentence id="4">
        <text>Peking Duck - The 4 of us started off with a side order of half a peking duck ; Carved table side with both skin and flesh intact and wrapped in a relatively thin and toasted crepe.</text>
        <opinions>
            <opinion polarity="neutral" start="0" end="10" target="Peking Duck"></opinion>
            <opinion polarity="neutral" start="66" end="76" target="peking duck"></opinion>
        </opinions>
    </sentence>
    <sentence id="5">
        <text>Although not exactly the traditional way to enjoy peking duck (which usually places emphasis on the skin), I enjoyed it quite a bit thought the skin could have been a little more crisp.</text>
        <opinions>
            <opinion polarity="positive" start="50" end="60" target="peking duck"></opinion>
        </opinions>
    </sentence>
    <sentence id="7">
        <text>Cherry Garden's Hot &amp; Cold Sampler - We swopped the braised beef in the hot sampler in favour of roasted pork due to religious constraints on the part of my dining partners.</text>
        <opinions>
            <opinion polarity="neutral" start="16" end="33" target="Hot &amp; Cold Sampler"></opinion>
            <opinion polarity="neutral" start="52" end="63" target="braised beef"></opinion>
            <opinion polarity="neutral" start="97" end="108" target="roasted pork"></opinion>
        </opinions>
    </sentence>
    <sentence id="8">
        <text>Though crackling crisp to a fault, the roasted pork was a tad too salty and porky for my liking.</text>
        <opinions>
            <opinion polarity="negative" start="39" end="50" target="roasted pork"></opinion>
        </opinions>
    </sentence>
    <sentence id="9">
        <text>The other hot sampler was a scallop with salted egg yolk which I personally found to be average due to the sweetness of the scallop being overwhelmed by the egg yolk.</text>
        <opinions>
            <opinion polarity="neutral" start="28" end="55" target="scallop with salted egg yolk"></opinion>
        </opinions>
    </sentence>
    <sentence id="11">
        <text>Drunken Chicken in hua diao and rose dew chinese wine made up the cold sampler and as much as I don't fancy chilled chicken soaked in wine, this was pretty decent.</text>
        <opinions>
            <opinion polarity="positive" start="0" end="52" target="Drunken Chicken in hua diao and rose dew chinese wine"></opinion>
        </opinions>
    </sentence>
    <sentence id="13">
        <text>Superior Broth with Shrimps, Scallops, Crabmeat, Conpoy, Maitake Mushrooms &amp; Vegetables - Flavourful yet light with a variety of fresh ingredients, the soup was good to the last drop!</text>
        <opinions>
            <opinion polarity="positive" start="0" end="90" target="Superior Broth with Shrimps, Scallops, Crabmeat, Conpoy, Maitake Mushrooms &amp; Vegetables"></opinion>
        </opinions>
    </sentence>
    <sentence id="14">
        <text>Braised Twelve Head Whole Abalone &amp; Sea Cucumber with Premium Oyster Sauce - The twelve head abalone was good for 2 mouthfuls ; Chewy and not overcooked.</text>
        <opinions>
            <opinion polarity="positive" start="0" end="73" target="Braised Twelve Head Whole Abalone &amp; Sea Cucumber with Premium Oyster Sauce"></opinion>
        </opinions>
    </sentence>
    <sentence id="17">
        <text>Wasabi-aioli Prawn with Salad of Duck Julienne &amp; Jellyfish - Sporting a thin coat of flour smeared in wasabi, the prawns were deliciously crunchy without the wasabi taste coming on too strongly.</text>
        <opinions>
            <opinion polarity="positive" start="0" end="57" target="Wasabi-aioli Prawn with Salad of Duck Julienne &amp; Jellyfish"></opinion>
        </opinions>
    </sentence>
    <sentence id="19">
        <text>Oven Baked Honey Marinated Cod Fillet with Black Pepper - First looks, the cod looked uncannily like a piece of salmon due to the reddish exterior.</text>
        <opinions>
            <opinion polarity="neutral" start="0" end="54" target="Oven Baked Honey Marinated Cod Fillet with Black Pepper"></opinion>
        </opinions>
    </sentence>
    <sentence id="38">
        <text>The steam cod fish was excellent.</text>
        <opinions>
            <opinion polarity="positive" start="4" end="17" target="steam cod fish"></opinion>
        </opinions>
    </sentence>
    <sentence id="39">
        <text>And the wasabi shrimp is the must try dish.</text>
        <opinions>
            <opinion polarity="positive" start="8" end="20" target="wasabi shrimp"></opinion>
        </opinions>
    </sentence>
    <sentence id="49">
        <text>many items right from the appetiser (fried calamari) was salty salty salty...</text>
        <opinions>
            <opinion polarity="negative" start="37" end="50" target="fried calamari"></opinion>
        </opinions>
    </sentence>
    <sentence id="50">
        <text>other dishes that were way too salty including the ramen, peking duck sauce, scallop as well as the full-of-gravy codfish-toufu combo.</text>
        <opinions>
            <opinion polarity="negative" start="51" end="55" target="ramen"></opinion>
            <opinion polarity="negative" start="58" end="68" target="peking duck"></opinion>
        </opinions>
    </sentence>
    <sentence id="77">
        <text>Must Tries are the duck ; the Wasabi Prawn ; the mango sago dessert.</text>
        <opinions>
            <opinion polarity="positive" start="19" end="22" target="duck"></opinion>
            <opinion polarity="positive" start="30" end="41" target="Wasabi Prawn"></opinion>
            <opinion polarity="positive" start="49" end="66" target="mango sago dessert"></opinion>
        </opinions>
    </sentence>
    <sentence id="80">
        <text>The fried rice is even exceptionally good...</text>
        <opinions>
            <opinion polarity="positive" start="4" end="13" target="fried rice"></opinion>
        </opinions>
    </sentence>
    <sentence id="85">
        <text>The sharks fin soup is also not too bad..</text>
        <opinions>
            <opinion polarity="positive" start="4" end="18" target="sharks fin soup"></opinion>
        </opinions>
    </sentence>
    <sentence id="93">
        <text>Raise your chopsticks and toss to an auspicious new year with Prosperity Yu Sheng () accompanied with fresh salmon and addictive crispy fish skin.</text>
        <opinions>
            <opinion polarity="positive" start="62" end="80" target="Prosperity Yu Sheng"></opinion>
        </opinions>
    </sentence>
    <sentence id="95">
        <text>Other Yu Sheng variants offered include Salmon Yu Sheng with Alaskan crabmeat &amp; black truffle silvers, Treasure Yu Sheng with hamachi &amp; crispy fish skin and Garden of Health Yu Sheng comprising of fruit &amp; vegetables.</text>
        <opinions>
            <opinion polarity="neutral" start="40" end="100" target="Salmon Yu Sheng with Alaskan crabmeat &amp; black truffle silvers"></opinion>
            <opinion polarity="neutral" start="103" end="151" target="Treasure Yu Sheng with hamachi &amp; crispy fish skin"></opinion>
            <opinion polarity="neutral" start="157" end="181" target="Garden of Health Yu Sheng"></opinion>
        </opinions>
    </sentence>
    <sentence id="97">
        <text>Cherry Garden Luxurious Pen Cai () is prepared using 16 premium ingredients which are presented in 3 servings.</text>
        <opinions>
            <opinion polarity="positive" start="24" end="30" target="Pen Cai"></opinion>
        </opinions>
    </sentence>
    <sentence id="104">
        <text>) but Chef Cheng executed them with so much flair, that even those adverse to vegetables will surely reach for a second helping of Stir-fried Seasonal Vegetables with Black Garlic () and Wok-fried Mushroom &amp; Celery with XO Sauce (XO).</text>
        <opinions>
            <opinion polarity="positive" start="131" end="178" target="Stir-fried Seasonal Vegetables with Black Garlic"></opinion>
            <opinion polarity="positive" start="187" end="227" target="Wok-fried Mushroom &amp; Celery with XO Sauce"></opinion>
        </opinions>
    </sentence>
    <sentence id="106">
        <text>The Braised Shanghai Nian Gao with Kurobuta Pork and Mixed Vegetables () features soft and chewy rice cakes blanketed in a delectable sauce, lightly studded with notes porky goodness.</text>
        <opinions>
            <opinion polarity="positive" start="4" end="68" target="Braised Shanghai Nian Gao with Kurobuta Pork and Mixed Vegetables"></opinion>
        </opinions>
    </sentence>
    <sentence id="108">
        <text>Finally, we rounded off the feast with an exquisite trio of Cherries in Nui Er Hong &amp; Aged Kuei Hua Wine Cocktail Jelly with Lychee Sorbet (), Organic Black Bean Pudding with Japanese Sesame Ice Cream () and Chilled Cream of Mango, Sago Pearls, Pomelo &amp; Lime Sorbet ().</text>
        <opinions>
            <opinion polarity="positive" start="60" end="137" target="Cherries in Nui Er Hong &amp; Aged Kuei Hua Wine Cocktail Jelly with Lychee Sorbet"></opinion>
            <opinion polarity="positive" start="143" end="199" target="Organic Black Bean Pudding with Japanese Sesame Ice Cream"></opinion>
            <opinion polarity="positive" start="212" end="272" target="Chilled Cream of Mango, Sago Pearls, Pomelo &amp; Lime Sorbet"></opinion>
        </opinions>
    </sentence>
    <sentence id="122">
        <text>Shark's fin soup was the double-boiled variety.</text>
        <opinions>
            <opinion polarity="neutral" start="0" end="15" target="Shark's fin soup"></opinion>
        </opinions>
    </sentence>
    <sentence id="126">
        <text>Roast duck was crispy but otherwise very dry.</text>
        <opinions>
            <opinion polarity="positive" start="0" end="9" target="Roast duck"></opinion>
        </opinions>
    </sentence>
    <sentence id="127">
        <text>Skip the salt and pepper fried squid.</text>
        <opinions>
            <opinion polarity="negative" start="9" end="35" target="salt and pepper fried squid"></opinion>
        </opinions>
    </sentence>
    <sentence id="129">
        <text>Venison tasted too gamey and not as fresh as I would like it.</text>
        <opinions>
            <opinion polarity="negative" start="0" end="6" target="Venison"></opinion>
        </opinions>
    </sentence>
    <sentence id="131">
        <text>What I did enjoy was the fried eggplant topped with chicken floss.</text>
        <opinions>
            <opinion polarity="positive" start="25" end="64" target="fried eggplant topped with chicken floss"></opinion>
        </opinions>
    </sentence>
    <sentence id="133">
        <text>Kudos too to the wasabi prawns.</text>
        <opinions>
            <opinion polarity="positive" start="17" end="29" target="wasabi prawns"></opinion>
        </opinions>
    </sentence>
    <sentence id="139">
        <text>We love the cute splashing crystal fish dumpling that is shaped like a fish and filled with grouper meat and sweet fish broth.</text>
        <opinions>
            <opinion polarity="positive" start="27" end="47" target="crystal fish dumpling"></opinion>
        </opinions>
    </sentence>
    <sentence id="140">
        <text>The sweet pink drunken chicken dumpling offers a generous juicy bits of chicken with hints of ginger and sesame oil that emits a lingering flavour in the mouth.</text>
        <opinions>
            <opinion polarity="positive" start="15" end="38" target="drunken chicken dumpling"></opinion>
        </opinions>
    </sentence>
    <sentence id="152">
        <text>first up was the chef's special appetizer of the day (see picture above) which happened to be wasabi prawns and drunken chicken.</text>
        <opinions>
            <opinion polarity="neutral" start="94" end="106" target="wasabi prawns"></opinion>
            <opinion polarity="neutral" start="112" end="126" target="drunken chicken"></opinion>
        </opinions>
    </sentence>
    <sentence id="153">
        <text>the wasabi prawns were big and juicy, bursting with flavor and with just the right amount of wasabi that was not too overpowering.</text>
        <opinions>
            <opinion polarity="positive" start="4" end="16" target="wasabi prawns"></opinion>
        </opinions>
    </sentence>
    <sentence id="155">
        <text>the drunken chicken was smooth and tasted pretty decent as well.</text>
        <opinions>
            <opinion polarity="positive" start="4" end="18" target="drunken chicken"></opinion>
        </opinions>
    </sentence>
    <sentence id="158">
        <text>double - boiled shark's cartilage soup with shark's fin and honshimeiji mushrooms i apologize to the animal lovers out there, as i really did not know the menu include shark's fin.</text>
        <opinions>
            <opinion polarity="neutral" start="16" end="80" target="shark's cartilage soup with shark's fin and honshimeiji mushrooms"></opinion>
        </opinions>
    </sentence>
    <sentence id="164">
        <text>braised fish fillet with tofu and capsicum in black bean sauce ahh innovation (at least to me)!</text>
        <opinions>
            <opinion polarity="positive" start="0" end="61" target="braised fish fillet with tofu and capsicum in black bean sauce"></opinion>
        </opinions>
    </sentence>
    <sentence id="168">
        <text>oven baked boneless spring chicken in barbecue garlic sauce this dish puzzled me for a few reasons.</text>
        <opinions>
            <opinion polarity="neutral" start="0" end="58" target="oven baked boneless spring chicken in barbecue garlic sauce"></opinion>
        </opinions>
    </sentence>
    <sentence id="173">
        <text>stir fried rice vermicelli with seafood, silver sprouts and yellow chives this dish is worth its money - - look at the luscious scallops and prawns!</text>
        <opinions>
            <opinion polarity="positive" start="0" end="38" target="stir fried rice vermicelli with seafood"></opinion>
            <opinion polarity="positive" start="41" end="72" target="silver sprouts and yellow chives"></opinion>
        </opinions>
    </sentence>
    <sentence id="176">
        <text>and i don't know whether its an odd practice, but i like to add vinegar to my noodles after the initial few samplings, because i think the vinegar adds a different and equally tasty twist to the noodles (usually i do it for e-fu noodles, but it seemed to work here as well) refreshing sorbet with herbal jelly, aloe vera and assorted fresh fruits ahh..</text>
        <opinions>
            <opinion polarity="positive" start="285" end="308" target="sorbet with herbal jelly"></opinion>
            <opinion polarity="positive" start="311" end="345" target="aloe vera and assorted fresh fruits"></opinion>
        </opinions>
    </sentence>
    <sentence id="187">
        <text>The gold dusted (yes edible, powdered gold) steamed bamboo pith and prawn dumplings or the poached garlic pork and mushroom dumplings in spicy Thai sauce.</text>
        <opinions>
            <opinion polarity="neutral" start="44" end="82" target="steamed bamboo pith and prawn dumplings"></opinion>
            <opinion polarity="neutral" start="91" end="152" target="poached garlic pork and mushroom dumplings in spicy Thai sauce"></opinion>
        </opinions>
    </sentence>
    <sentence id="188">
        <text>Move on to the meats and try the flawlessly glazed Kurobuta char siew and silky-skinned braised soy chicken.</text>
        <opinions>
            <opinion polarity="positive" start="51" end="68" target="Kurobuta char siew"></opinion>
            <opinion polarity="positive" start="88" end="106" target="braised soy chicken"></opinion>
        </opinions>
    </sentence>
    <sentence id="189">
        <text>For dessert, we recommend the cream of avocado with walnut ice cream and the exotic watermelon chutney with aloe vera, crystal pears and lemongrass jelly.</text>
        <opinions>
            <opinion polarity="positive" start="30" end="67" target="cream of avocado with walnut ice cream"></opinion>
            <opinion polarity="positive" start="84" end="116" target="watermelon chutney with aloe vera"></opinion>
            <opinion polarity="positive" start="119" end="152" target="crystal pears and lemongrass jelly"></opinion>
        </opinions>
    </sentence>
    <sentence id="196">
        <text>There was the usual suspects like Har Gao, Siew Mai, Char Siew Bao etc with nothing too special.</text>
        <opinions>
            <opinion polarity="neutral" start="34" end="40" target="Har Gao"></opinion>
            <opinion polarity="neutral" start="43" end="50" target="Siew Mai"></opinion>
            <opinion polarity="neutral" start="53" end="65" target="Char Siew Bao"></opinion>
        </opinions>
    </sentence>
    <sentence id="197">
        <text>The specialties page consisted of stuff like roast duck, cod fish, beef etc.</text>
        <opinions>
            <opinion polarity="neutral" start="45" end="54" target="roast duck"></opinion>
            <opinion polarity="neutral" start="57" end="64" target="cod fish"></opinion>
        </opinions>
    </sentence>
    <sentence id="201">
        <text>Especially outstanding was the Wasabi Prawns which were huge and crispy on the outside while succulent on the inside with only a tinge of wasabi taste.</text>
        <opinions>
            <opinion polarity="positive" start="31" end="43" target="Wasabi Prawns"></opinion>
        </opinions>
    </sentence>
    <sentence id="202">
        <text>Give the Xiao Long Baos a miss though.</text>
        <opinions>
            <opinion polarity="negative" start="9" end="22" target="Xiao Long Baos"></opinion>
        </opinions>
    </sentence>
    <sentence id="234">
        <text>As for the food, we ordered the Crispy Scallop to start - was fantastic.</text>
        <opinions>
            <opinion polarity="positive" start="32" end="45" target="Crispy Scallop"></opinion>
        </opinions>
    </sentence>
    <sentence id="236">
        <text>the only one that was good was the Seafood Broth.</text>
        <opinions>
            <opinion polarity="positive" start="35" end="47" target="Seafood Broth"></opinion>
        </opinions>
    </sentence>
    <sentence id="237">
        <text>Steamed Cod Fish followed but that was a huge disappointment given that it's charged per piece and had a distinctively fishy smell.</text>
        <opinions>
            <opinion polarity="negative" start="0" end="15" target="Steamed Cod Fish"></opinion>
        </opinions>
    </sentence>
    <sentence id="238">
        <text>The Beef Tenderloin was probably the highlight of the night.</text>
        <opinions>
            <opinion polarity="positive" start="4" end="18" target="Beef Tenderloin"></opinion>
        </opinions>
    </sentence>
    <sentence id="241">
        <text>The handmade mushroom tofu was regular and the seafood vermicelli was slightly above average.</text>
        <opinions>
            <opinion polarity="neutral" start="13" end="25" target="mushroom tofu"></opinion>
            <opinion polarity="positive" start="47" end="64" target="seafood vermicelli"></opinion>
        </opinions>
    </sentence>
    <sentence id="247">
        <text>Heard abt this from a business contact so went to order the take away yu sheng.</text>
        <opinions>
            <opinion polarity="neutral" start="70" end="77" target="yu sheng"></opinion>
        </opinions>
    </sentence>
    <sentence id="255">
        <text>I am so looking forward to going there to try the yu sheng again...</text>
        <opinions>
            <opinion polarity="positive" start="50" end="57" target="yu sheng"></opinion>
        </opinions>
    </sentence>
    <sentence id="281">
        <text>When my husband commented that he had suggested two different types of Char Siew Baos (one normal and one using black pig), the guy said in a rushed and don't-bother-me-with-your-piffling-concerns manner that they were different and he wanted us sample both.</text>
        <opinions>
            <opinion polarity="neutral" start="71" end="84" target="Char Siew Baos"></opinion>
        </opinions>
    </sentence>
    <sentence id="305">
        <text>The stand outs were the crisp-fried shredded squid, kurobuta char siew, cherry wood charcoal roasted duck, wasabi prawns.</text>
        <opinions>
            <opinion polarity="positive" start="24" end="49" target="crisp-fried shredded squid"></opinion>
            <opinion polarity="positive" start="52" end="69" target="kurobuta char siew"></opinion>
            <opinion polarity="positive" start="72" end="104" target="cherry wood charcoal roasted duck"></opinion>
            <opinion polarity="positive" start="107" end="119" target="wasabi prawns"></opinion>
        </opinions>
    </sentence>
    <sentence id="306">
        <text>The wok fried string beans and carrot cake were surprisingly good too for such an ordinary dish.</text>
        <opinions>
            <opinion polarity="positive" start="4" end="25" target="wok fried string beans"></opinion>
            <opinion polarity="positive" start="31" end="41" target="carrot cake"></opinion>
        </opinions>
    </sentence>
    <sentence id="314">
        <text>Exception being the steamed bamboo and prawn dumpling with gold powder (luxurious) and conpoy dumpling (full of fresh seafood flavours), as seen in my photos.</text>
        <opinions>
            <opinion polarity="positive" start="20" end="69" target="steamed bamboo and prawn dumpling with gold powder"></opinion>
            <opinion polarity="positive" start="87" end="101" target="conpoy dumpling"></opinion>
        </opinions>
    </sentence>
    <sentence id="315">
        <text>Brunch is good value, in which one can try many of their signature dishes (kurobuta pork is flavourful and good, drunken prawns soaked in herbs and wine infused soup, are extremely fresh) in the brunch (avoid the Patin fish though, it tasted fishy), which are really tasty and not bad.</text>
        <opinions>
            <opinion polarity="positive" start="75" end="87" target="kurobuta pork"></opinion>
            <opinion polarity="positive" start="113" end="164" target="drunken prawns soaked in herbs and wine infused soup"></opinion>
        </opinions>
    </sentence>
    <sentence id="316">
        <text>Not to mention, there is free flow of dessert, which is the best thing about this brunch since the avocado dessert is so heavenly good.</text>
        <opinions>
            <opinion polarity="positive" start="99" end="113" target="avocado dessert"></opinion>
        </opinions>
    </sentence>
    <sentence id="317">
        <text>Talking about the avocado dessert, it is served in a mist of dry ice, 100 points for presentation on this one!</text>
        <opinions>
            <opinion polarity="positive" start="18" end="32" target="avocado dessert"></opinion>
        </opinions>
    </sentence>
    <sentence id="328">
        <text>For the special dishes, we ate drunken chicken, cod fish in black bean sauce (very nice!), pan-fried beef cubes (juicy &amp; tender), chicken cubes in corn flakes (tasty but not very exciting), wasabi prawns (ok for taste-wise, prawns were very fresh), roast duck (not bad).</text>
        <opinions>
            <opinion polarity="neutral" start="31" end="45" target="drunken chicken"></opinion>
            <opinion polarity="positive" start="48" end="75" target="cod fish in black bean sauce"></opinion>
            <opinion polarity="positive" start="91" end="110" target="pan-fried beef cubes"></opinion>
            <opinion polarity="positive" start="130" end="157" target="chicken cubes in corn flakes"></opinion>
            <opinion polarity="neutral" start="190" end="202" target="wasabi prawns"></opinion>
            <opinion polarity="positive" start="249" end="258" target="roast duck"></opinion>
        </opinions>
    </sentence>
    <sentence id="332">
        <text>Soup &amp; rice / noodles: had the spicy-sour soup &amp; winter melon soup.</text>
        <opinions>
            <opinion polarity="neutral" start="31" end="45" target="spicy-sour soup"></opinion>
            <opinion polarity="neutral" start="49" end="65" target="winter melon soup"></opinion>
        </opinions>
    </sentence>
    <sentence id="334">
        <text>Also tried the century egg porridge &amp; e-fu noodles.</text>
        <opinions>
            <opinion polarity="neutral" start="15" end="34" target="century egg porridge"></opinion>
            <opinion polarity="neutral" start="38" end="49" target="e-fu noodles"></opinion>
        </opinions>
    </sentence>
    <sentence id="336">
        <text>E-fu noodles was smooth, fine, light, passable.</text>
        <opinions>
            <opinion polarity="positive" start="0" end="11" target="E-fu noodles"></opinion>
        </opinions>
    </sentence>
    <sentence id="339">
        <text>Four choices of desserts: black sesame dumpling in almond soup, red bean pancake, aloe vera jelly &amp; mango sago.</text>
        <opinions>
            <opinion polarity="neutral" start="26" end="61" target="black sesame dumpling in almond soup"></opinion>
            <opinion polarity="neutral" start="64" end="79" target="red bean pancake"></opinion>
            <opinion polarity="neutral" start="82" end="96" target="aloe vera jelly"></opinion>
            <opinion polarity="neutral" start="100" end="109" target="mango sago"></opinion>
        </opinions>
    </sentence>
    <sentence id="341">
        <text>Verdict: 1) black sesame dumpling: nothing fantastic, normal.</text>
        <opinions>
            <opinion polarity="neutral" start="12" end="32" target="black sesame dumpling"></opinion>
        </opinions>
    </sentence>
    <sentence id="342">
        <text>2) aloe vera jelly: too sweet.</text>
        <opinions>
            <opinion polarity="negative" start="3" end="17" target="aloe vera jelly"></opinion>
        </opinions>
    </sentence>
    <sentence id="344">
        <text>3) red bean pancake: quite opposite of what we expected from a chn restnt.</text>
        <opinions>
            <opinion polarity="negative" start="3" end="18" target="red bean pancake"></opinion>
        </opinions>
    </sentence>
    <sentence id="359">
        <text>We ordered the usual dim sum with the special and appetiser being Wasabi prawns and roast duck.</text>
        <opinions>
            <opinion polarity="neutral" start="66" end="78" target="Wasabi prawns"></opinion>
            <opinion polarity="neutral" start="84" end="93" target="roast duck"></opinion>
        </opinions>
    </sentence>
    <sentence id="362">
        <text>The Wasabi prawn was crunchy and the taste of the wasabi really complemented the prawn.</text>
        <opinions>
            <opinion polarity="positive" start="4" end="15" target="Wasabi prawn"></opinion>
        </opinions>
    </sentence>
    <sentence id="363">
        <text>The roast duck was succulent and the skin was crisp.</text>
        <opinions>
            <opinion polarity="positive" start="4" end="13" target="roast duck"></opinion>
        </opinions>
    </sentence>
    <sentence id="364">
        <text>Another dish that i liked was the crispy chicken.</text>
        <opinions>
            <opinion polarity="positive" start="34" end="47" target="crispy chicken"></opinion>
        </opinions>
    </sentence>
    <sentence id="367">
        <text>The lunch ended with a wonderful dessert of chiiled mango with pomelo and sorbet (i think).</text>
        <opinions>
            <opinion polarity="positive" start="52" end="79" target="mango with pomelo and sorbet"></opinion>
        </opinions>
    </sentence>
    <sentence id="379">
        <text>Double Boiled Soup of the Day - Lao Huang Gua Tang translated into Old Yellow Melon Soup, was quite refreshing as it was light on the palate yet appetising enough to kick start our lunch.</text>
        <opinions>
            <opinion polarity="positive" start="32" end="49" target="Lao Huang Gua Tang"></opinion>
            <opinion polarity="positive" start="67" end="87" target="Old Yellow Melon Soup"></opinion>
        </opinions>
    </sentence>
    <sentence id="384">
        <text>The second was a Shui Jiao with chicken meat and vegetables, which was slightly better than the first one because the chicken provided some fibre to chew on.</text>
        <opinions>
            <opinion polarity="positive" start="17" end="58" target="Shui Jiao with chicken meat and vegetables"></opinion>
        </opinions>
    </sentence>
    <sentence id="388">
        <text>The Pan Fried Scallop with Salt and Pepper tasted nothing out of the ordinary and nothing that I couldn't get elsewhere.</text>
        <opinions>
            <opinion polarity="neutral" start="4" end="41" target="Pan Fried Scallop with Salt and Pepper"></opinion>
        </opinions>
    </sentence>
    <sentence id="389">
        <text>The Deep Fried Scallop Roll with Phyllo Dough was a tad better, with the Phyllo Dough (whatever that is) brittle and crunchy.</text>
        <opinions>
            <opinion polarity="positive" start="4" end="44" target="Deep Fried Scallop Roll with Phyllo Dough"></opinion>
        </opinions>
    </sentence>
    <sentence id="391">
        <text>I personally found the Chilled Water Melon with Scallop in Garlic - Chilli Citrus Jus the most delectable.</text>
        <opinions>
            <opinion polarity="positive" start="23" end="84" target="Chilled Water Melon with Scallop in Garlic - Chilli Citrus Jus"></opinion>
        </opinions>
    </sentence>
    <sentence id="394">
        <text>The Braised Homemade Tofu topped with Minced Pork and Preserved Vegetables was salty probably due to the preserved vegetables in the gravy.</text>
        <opinions>
            <opinion polarity="negative" start="4" end="73" target="Braised Homemade Tofu topped with Minced Pork and Preserved Vegetables"></opinion>
        </opinions>
    </sentence>
    <sentence id="396">
        <text>The Wok Fried Beef Tenderloin with Trio Pepper in Chef's Concoction was quite a star with the beef cubes cooked to perfection.</text>
        <opinions>
            <opinion polarity="positive" start="4" end="66" target="Wok Fried Beef Tenderloin with Trio Pepper in Chef's Concoction"></opinion>
        </opinions>
    </sentence>
    <sentence id="400">
        <text>The Chilled Lemongrass Jelly with Aloe Vera Flavoured in Lime Citrus Jus provided the epic finale to the very eye pleasing lunch.</text>
        <opinions>
            <opinion polarity="positive" start="4" end="71" target="Chilled Lemongrass Jelly with Aloe Vera Flavoured in Lime Citrus Jus"></opinion>
        </opinions>
    </sentence>
    <sentence id="406">
        <text>We did not pick the common dim sum dishes (like har gow, siew mai) so the bellies can store the good stuff we don't get to eat often.</text>
        <opinions>
            <opinion polarity="neutral" start="48" end="54" target="har gow"></opinion>
            <opinion polarity="neutral" start="57" end="64" target="siew mai"></opinion>
        </opinions>
    </sentence>
    <sentence id="418">
        <text>mini abalone dumpling (the abalone really mini leh... so cute!) but generally the taste wasn't fantastic.</text>
        <opinions>
            <opinion polarity="negative" start="0" end="20" target="mini abalone dumpling"></opinion>
        </opinions>
    </sentence>
    <sentence id="421">
        <text>the salted egg dumpling didnt taste anything like salted egg though.</text>
        <opinions>
            <opinion polarity="negative" start="4" end="22" target="salted egg dumpling"></opinion>
        </opinions>
    </sentence>
    <sentence id="422">
        <text>And i couldn't taste the difference between the Kurobuta Char Siew Bao &amp; the normal one from Crystal Jade.</text>
        <opinions>
            <opinion polarity="negative" start="48" end="69" target="Kurobuta Char Siew Bao"></opinion>
        </opinions>
    </sentence>
    <sentence id="425">
        <text>the soup of the day was double boiled arrowroot &amp; chicken soup - it was nice and well-brewed.</text>
        <opinions>
            <opinion polarity="positive" start="24" end="61" target="double boiled arrowroot &amp; chicken soup"></opinion>
        </opinions>
    </sentence>
    <sentence id="437">
        <text>They do offer sharks fin soups which our table did not sample (due to personal objections) however, we sampled a huge variety of other dishes ordering 4 dishes at a time then ordering the next 4 dishes, this way we didn't have everything arriving at the same time and going cold.</text>
        <opinions>
            <opinion polarity="neutral" start="14" end="29" target="sharks fin soups"></opinion>
        </opinions>
    </sentence>
    <sentence id="438">
        <text>We had so many favourites, the wasabi prawns are definitely a highlight but then so were the chicken dumplings, pork buns and desserts.</text>
        <opinions>
            <opinion polarity="positive" start="31" end="43" target="wasabi prawns"></opinion>
        </opinions>
    </sentence>
    <sentence id="447">
        <text>anyway, we ate wasabi prawn (yummy!), duck cubes with melon (bitter gourd) and black bean paste, seafood hot and sour soup and prawns with scallop and asparagus!</text>
        <opinions>
            <opinion polarity="positive" start="15" end="26" target="wasabi prawn"></opinion>
            <opinion polarity="neutral" start="38" end="94" target="duck cubes with melon (bitter gourd) and black bean paste"></opinion>
            <opinion polarity="neutral" start="97" end="121" target="seafood hot and sour soup"></opinion>
            <opinion polarity="neutral" start="127" end="159" target="prawns with scallop and asparagus"></opinion>
        </opinions>
    </sentence>
    <sentence id="474">
        <text>Though the recommendation of the staff (frm the kitchen), i ordered the stir-fried whitebait with chives and xo sauce and the deep-fried prawn pastry with apple.</text>
        <opinions>
            <opinion polarity="positive" start="72" end="116" target="stir-fried whitebait with chives and xo sauce"></opinion>
            <opinion polarity="positive" start="126" end="159" target="deep-fried prawn pastry with apple"></opinion>
        </opinions>
    </sentence>
    <sentence id="484">
        <text>Do try out their crispy wasabi-aioli prawns with fresh mango and roe.</text>
        <opinions>
            <opinion polarity="positive" start="24" end="42" target="wasabi-aioli prawns"></opinion>
        </opinions>
    </sentence>
    <sentence id="496">
        <text>Next up were 2 different bowls of soup Seafood Hot &amp; Sour Szechuan Soup and Braised Seafood Soup.</text>
        <opinions>
            <opinion polarity="neutral" start="39" end="70" target="Seafood Hot &amp; Sour Szechuan Soup"></opinion>
            <opinion polarity="neutral" start="76" end="95" target="Braised Seafood Soup"></opinion>
        </opinions>
    </sentence>
    <sentence id="499">
        <text>As for the Braised Seafood Soup, one can definitely conclude that the chef is generous with the serving of seafood.</text>
        <opinions>
            <opinion polarity="positive" start="11" end="30" target="Braised Seafood Soup"></opinion>
        </opinions>
    </sentence>
    <sentence id="502">
        <text>We had the Roast Duck with Crabmeat, wrapped in thin egg-skins as another of our starter dishes, which reminded me much of the Roast Peking Duck back in Beijing! !</text>
        <opinions>
            <opinion polarity="positive" start="11" end="34" target="Roast Duck with Crabmeat"></opinion>
        </opinions>
    </sentence>
    <sentence id="505">
        <text>The Braised Homemade Tofu with Sea Cucumber was really awesome! !</text>
        <opinions>
            <opinion polarity="positive" start="4" end="42" target="Braised Homemade Tofu with Sea Cucumber"></opinion>
        </opinions>
    </sentence>
    <sentence id="509">
        <text>To end of the meal, we had a Stir-fried Vermicelli with Seafood, Silver Sprout &amp; Yellow Chives.</text>
        <opinions>
            <opinion polarity="neutral" start="29" end="97" target="Stir-fried Vermicelli with Seafood, Silver Sprout &amp; Yellow Chives"></opinion>
        </opinions>
    </sentence>
    <sentence id="511">
        <text>In between, we had a Spring Chicken somewhere, which I absolutely can t remember its name.</text>
        <opinions>
            <opinion polarity="neutral" start="21" end="34" target="Spring Chicken"></opinion>
        </opinions>
    </sentence>
    <sentence id="549">
        <text>The first dim sum we had was the Steamed Spinach and Prawn Dumplings with Enoki Mushrooms (Har Gau).</text>
        <opinions>
            <opinion polarity="neutral" start="33" end="88" target="Steamed Spinach and Prawn Dumplings with Enoki Mushrooms"></opinion>
            <opinion polarity="neutral" start="91" end="97" target="Har Gau"></opinion>
        </opinions>
    </sentence>
    <sentence id="552">
        <text>The next highlight was the Steamed Kurobuta Char Siew Bao.</text>
        <opinions>
            <opinion polarity="positive" start="35" end="56" target="Kurobuta Char Siew Bao"></opinion>
        </opinions>
    </sentence>
    <sentence id="557">
        <text>I noted the Steamed Mini Abalone Siew Mai with Pork and Mushrooms on the menu which seemed interesting.</text>
        <opinions>
            <opinion polarity="positive" start="20" end="64" target="Mini Abalone Siew Mai with Pork and Mushrooms"></opinion>
        </opinions>
    </sentence>
    <sentence id="561">
        <text>Back to the siew mai, the mini abalone was tender and flavorful.</text>
        <opinions>
            <opinion polarity="positive" start="12" end="19" target="siew mai"></opinion>
        </opinions>
    </sentence>
    <sentence id="563">
        <text>Best thing about the siew mai was that it doesn't have the strong pork taste which I dreaded.</text>
        <opinions>
            <opinion polarity="positive" start="21" end="28" target="siew mai"></opinion>
        </opinions>
    </sentence>
    <sentence id="566">
        <text>All four of us had the Chilled Cream of Mango with Sago Pearls, Pomelo and Lime Sorbet.</text>
        <opinions>
            <opinion polarity="neutral" start="23" end="85" target="Chilled Cream of Mango with Sago Pearls, Pomelo and Lime Sorbet"></opinion>
        </opinions>
    </sentence>
    <sentence id="576">
        <text>We had a the mushroom soup, roasted duck, spare ribs, asparagus, cod fish, avocado dessert and a bottle of wine.</text>
        <opinions>
            <opinion polarity="neutral" start="13" end="25" target="mushroom soup"></opinion>
            <opinion polarity="neutral" start="28" end="39" target="roasted duck"></opinion>
            <opinion polarity="neutral" start="42" end="51" target="spare ribs"></opinion>
            <opinion polarity="neutral" start="65" end="72" target="cod fish"></opinion>
            <opinion polarity="neutral" start="75" end="89" target="avocado dessert"></opinion>
        </opinions>
    </sentence>
    <sentence id="581">
        <text>Mushroom soup - I think the base is chicken stock.</text>
        <opinions>
            <opinion polarity="neutral" start="0" end="12" target="Mushroom soup"></opinion>
        </opinions>
    </sentence>
    <sentence id="584">
        <text>Roasted duck - Had cranberry sauce to come with it, we cleared like 5 saucers worth of it.</text>
        <opinions>
            <opinion polarity="positive" start="0" end="11" target="Roasted duck"></opinion>
        </opinions>
    </sentence>
    <sentence id="586">
        <text>Spare ribs - The meat was very tender and texture was just right, the top layer was a little crispy, excellent!</text>
        <opinions>
            <opinion polarity="positive" start="0" end="9" target="Spare ribs"></opinion>
        </opinions>
    </sentence>
    <sentence id="589">
        <text>Cod fish - Again not a fan of cod fish but definitely one of the better ones out there.</text>
        <opinions>
            <opinion polarity="positive" start="0" end="7" target="Cod fish"></opinion>
        </opinions>
    </sentence>
    <sentence id="590">
        <text>Avocado dessert with walnut ice cream - Superb.</text>
        <opinions>
            <opinion polarity="positive" start="0" end="36" target="Avocado dessert with walnut ice cream"></opinion>
        </opinions>
    </sentence>
    <sentence id="595">
        <text>We ordered 1) Oven-Baked Spring Chicken in Barbecue Garlic Sauce ($22) moist and juicy, with incredibly crisp skin.</text>
        <opinions>
            <opinion polarity="positive" start="14" end="63" target="Oven-Baked Spring Chicken in Barbecue Garlic Sauce"></opinion>
        </opinions>
    </sentence>
    <sentence id="596">
        <text>2) Vegetarian Fried Rice ($18).</text>
        <opinions>
            <opinion polarity="neutral" start="3" end="23" target="Vegetarian Fried Rice"></opinion>
        </opinions>
    </sentence>
    <sentence id="597">
        <text>This purple-hued fried rice was smoky, delicate and mildly peppery 3) Braised Homemade Tofu with Monkey's Head Mushroom ($22) mashed spinach encrusted beancurd was silky smooth 4) Fried Prawns with Garlic and Oats ($8 per 100g) sweet, crunchy and fresh 5) For more information and images :</text>
        <opinions>
            <opinion polarity="positive" start="70" end="118" target="Braised Homemade Tofu with Monkey's Head Mushroom"></opinion>
            <opinion polarity="positive" start="180" end="212" target="Fried Prawns with Garlic and Oats"></opinion>
        </opinions>
    </sentence>
    <sentence id="600">
        <text>The roasted BBQ meat platter includes Roasted duck, Roasted pork belly and Kurobuta Char Siew.</text>
        <opinions>
            <opinion polarity="neutral" start="38" end="49" target="Roasted duck"></opinion>
            <opinion polarity="neutral" start="52" end="69" target="Roasted pork belly"></opinion>
            <opinion polarity="neutral" start="75" end="92" target="Kurobuta Char Siew"></opinion>
        </opinions>
    </sentence>
    <sentence id="602">
        <text>The Kurobuta Char Siew is tender and fragrant.</text>
        <opinions>
            <opinion polarity="positive" start="4" end="21" target="Kurobuta Char Siew"></opinion>
        </opinions>
    </sentence>
    <sentence id="603">
        <text>Both Roasted pork belly and duck skins are crispy and I'm sure all of your going to love it like my friends and boyf.</text>
        <opinions>
            <opinion polarity="positive" start="5" end="22" target="Roasted pork belly"></opinion>
        </opinions>
    </sentence>
    <sentence id="604">
        <text>And of course the wasabi prawn is my next favourite dish-Cooked with tangy sweet sauce and wasabi sauce and topped up with fresh mini mango and fish roe which I totally enjoy every bite and be careful of the wasabi sauce as it might perks you up a little.</text>
        <opinions>
            <opinion polarity="positive" start="18" end="29" target="wasabi prawn"></opinion>
        </opinions>
    </sentence>
    <sentence id="609">
        <text>Strong preference for the Fish Maw Soup over the Dumpling Soup.</text>
        <opinions>
            <opinion polarity="positive" start="26" end="38" target="Fish Maw Soup"></opinion>
            <opinion polarity="negative" start="49" end="61" target="Dumpling Soup"></opinion>
        </opinions>
    </sentence>
    <sentence id="611">
        <text>I specifically loved their Xiao Long Bao, Cha Siew Bao, Siew Mai and the Cha Siew Meat!</text>
        <opinions>
            <opinion polarity="positive" start="27" end="39" target="Xiao Long Bao"></opinion>
            <opinion polarity="positive" start="42" end="53" target="Cha Siew Bao"></opinion>
            <opinion polarity="positive" start="56" end="63" target="Siew Mai"></opinion>
            <opinion polarity="positive" start="73" end="85" target="Cha Siew Meat"></opinion>
        </opinions>
    </sentence>
    <sentence id="614">
        <text>We ordered ala-carte dishes as follow: 1) Wasabi Prawn ($22) - taste excellent 2) Half Peking Duck ($48) - taste good 3) Mushroom Combination ($10) - 3 different mushrooms, very unique 4) Baby Xiao Bai Chye with stock ($20) - taste good 5) Black Pepper Crab Fried Rice ($20) - below expectation 6) Abalone Dumpling ($20) - below expectation Overall, the dinner was quite good especially with the excellent ambience and good service.</text>
        <opinions>
            <opinion polarity="positive" start="42" end="53" target="Wasabi Prawn"></opinion>
            <opinion polarity="positive" start="87" end="97" target="Peking Duck"></opinion>
            <opinion polarity="positive" start="121" end="140" target="Mushroom Combination"></opinion>
            <opinion polarity="positive" start="188" end="216" target="Baby Xiao Bai Chye with stock"></opinion>
            <opinion polarity="negative" start="240" end="267" target="Black Pepper Crab Fried Rice"></opinion>
            <opinion polarity="negative" start="298" end="313" target="Abalone Dumpling"></opinion>
        </opinions>
    </sentence>
    <sentence id="619">
        <text>We ordered 1) Oven-Baked Spring Chicken in Barbecue Garlic Sauce ($22) moist and juicy, with incredibly crisp skin.</text>
        <opinions>
            <opinion polarity="positive" start="14" end="63" target="Oven-Baked Spring Chicken in Barbecue Garlic Sauce"></opinion>
        </opinions>
    </sentence>
    <sentence id="620">
        <text>2) Vegetarian Fried Rice ($18).</text>
        <opinions>
            <opinion polarity="neutral" start="3" end="23" target="Vegetarian Fried Rice"></opinion>
        </opinions>
    </sentence>
    <sentence id="621">
        <text>This purple-hued fried rice was smoky, delicate and mildly peppery 3) Braised Homemade Tofu with Monkey's Head Mushroom ($22) mashed spinach encrusted beancurd was silky smooth 4) Fried Prawns with Garlic and Oats ($8 per 100g) sweet, crunchy and fresh</text>
        <opinions>
            <opinion polarity="positive" start="70" end="118" target="Braised Homemade Tofu with Monkey's Head Mushroom"></opinion>
            <opinion polarity="positive" start="180" end="212" target="Fried Prawns with Garlic and Oats"></opinion>
        </opinions>
    </sentence>
    <sentence id="622">
        <text>The marinated duck stuffed with glutinous rice is like char siew with glutinous rice dumpling, tastes great and not as filling as a normal rice dumpling.</text>
        <opinions>
            <opinion polarity="positive" start="4" end="45" target="marinated duck stuffed with glutinous rice"></opinion>
        </opinions>
    </sentence>
    <sentence id="623">
        <text>The wasabi prawns were also tasty yet not too extrusive on the wasabi.</text>
        <opinions>
            <opinion polarity="positive" start="4" end="16" target="wasabi prawns"></opinion>
        </opinions>
    </sentence>
    <sentence id="627">
        <text>Sweet sour kurobata pork.</text>
        <opinions>
            <opinion polarity="neutral" start="0" end="23" target="Sweet sour kurobata pork"></opinion>
        </opinions>
    </sentence>
    <sentence id="629">
        <text>I just love their xiao long bao (the best in Singapore).</text>
        <opinions>
            <opinion polarity="positive" start="18" end="30" target="xiao long bao"></opinion>
        </opinions>
    </sentence>
    <sentence id="638">
        <text>There are over 45 items to choose from, such as Steamed Pork Siew Mai with Baby Abalone ; Sauted Hong Kong Young Vegetables with Garlic ; Braised Ee-fu Noodles with Nameko mushrooms, Silver Sprouts and Chives ; and Braised Beef Fillet with Five Spices.</text>
        <opinions>
            <opinion polarity="neutral" start="48" end="86" target="Steamed Pork Siew Mai with Baby Abalone"></opinion>
            <opinion polarity="neutral" start="90" end="134" target="Sauted Hong Kong Young Vegetables with Garlic"></opinion>
            <opinion polarity="neutral" start="138" end="180" target="Braised Ee-fu Noodles with Nameko mushrooms"></opinion>
            <opinion polarity="neutral" start="183" end="207" target="Silver Sprouts and Chives"></opinion>
            <opinion polarity="neutral" start="215" end="250" target="Braised Beef Fillet with Five Spices"></opinion>
        </opinions>
    </sentence>
    <sentence id="646">
        <text>Apart from the dim sum, we also tried some of their signature dishes like baked escagot, wasabi prawn, peking duck and avocado cream.</text>
        <opinions>
            <opinion polarity="neutral" start="74" end="86" target="baked escagot"></opinion>
            <opinion polarity="neutral" start="89" end="100" target="wasabi prawn"></opinion>
            <opinion polarity="neutral" start="103" end="113" target="peking duck"></opinion>
            <opinion polarity="neutral" start="119" end="131" target="avocado cream"></opinion>
        </opinions>
    </sentence>
    <sentence id="663">
        <text>Like its surroundings, Cherry Garden s weekend dim sum buffet selection is mostly traditional, with a few modern touches like the escargot puff pastry ($5.80).</text>
        <opinions>
            <opinion polarity="neutral" start="130" end="149" target="escargot puff pastry"></opinion>
        </opinions>
    </sentence>
    <sentence id="665">
        <text>The gold dusted (yes edible, powdered gold) steamed bamboo pith and prawn dumplings or the poached garlic pork and mushroom dumplings in spicy Thai sauce.</text>
        <opinions>
            <opinion polarity="neutral" start="44" end="82" target="steamed bamboo pith and prawn dumplings"></opinion>
            <opinion polarity="neutral" start="91" end="152" target="poached garlic pork and mushroom dumplings in spicy Thai sauce"></opinion>
        </opinions>
    </sentence>
    <sentence id="667">
        <text>The glazed kurobuta char siew pau (three for $5.80) is probably the best char siew pau we ve had, ever.</text>
        <opinions>
            <opinion polarity="positive" start="11" end="32" target="kurobuta char siew pau"></opinion>
        </opinions>
    </sentence>
    <sentence id="673">
        <text>Our first dish ; Crisp Wasabi Aioli Prawns with fresh Mango and Fish Roe, arrived in the midst of our high expectations, just a bite into the lightly crisp succulent prawns was met with an outbrust of sweetness with a slight mango tang of sourness and a hint of spiciness from the wasabi.</text>
        <opinions>
            <opinion polarity="positive" start="23" end="71" target="Wasabi Aioli Prawns with fresh Mango and Fish Roe"></opinion>
        </opinions>
    </sentence>
    <sentence id="674">
        <text>Steamed Spinach and Prawn Dumplings with Enoki Mushrooms ; Stuffed with generous servings of fresh and succulent prawns, I was more distracted by the unique sweetness brought about by the taste of spinach and Enoki Mushrooms.</text>
        <opinions>
            <opinion polarity="positive" start="0" end="55" target="Steamed Spinach and Prawn Dumplings with Enoki Mushrooms"></opinion>
        </opinions>
    </sentence>
    <sentence id="675">
        <text>The Steamed Mini Abalone Siew Mai with Pork and Mushrooms was steamed to the right doneness.</text>
        <opinions>
            <opinion polarity="positive" start="4" end="56" target="Steamed Mini Abalone Siew Mai with Pork and Mushrooms"></opinion>
        </opinions>
    </sentence>
    <sentence id="676">
        <text>The mini abalone which tasted rather chewy and accompanied rather well with the Siew Mai, which was rather well comprised of Pork meat filling and Mushroom.</text>
        <opinions>
            <opinion polarity="positive" start="80" end="87" target="Siew Mai"></opinion>
        </opinions>
    </sentence>
    <sentence id="677">
        <text>The Wok-fried Waxed Meat Radish Cake with Silver Sprouts in XO Sauce was one of their signature creations and one of our favourite dishes, there was a slight hint of spiciness and according to my aunt, the Yao Wok Hei (wok-fried) relish was rather strong, and together with the XO sauce, compounded the fragrance and piquancy of the dish itself.</text>
        <opinions>
            <opinion polarity="positive" start="4" end="67" target="Wok-fried Waxed Meat Radish Cake with Silver Sprouts in XO Sauce"></opinion>
        </opinions>
    </sentence>
    <sentence id="678">
        <text>The Double - boiled Fish Broth with Pak Choy, Fish Maw and Tofu appeared to be a rather light dish but probably due to the Fish Maw, it had a rather overwhelming fishy taste which caused the dish to be not as enjoyable.</text>
        <opinions>
            <opinion polarity="negative" start="4" end="62" target="Double - boiled Fish Broth with Pak Choy, Fish Maw and Tofu"></opinion>
        </opinions>
    </sentence>
    <sentence id="679">
        <text>Double-boiled Trio Mushroom Soup with Rice Beans, Black Eye Beans, Lotus Seeds, Longans, Carrots and Red Dates ; the better of the two we sought to try, I enjoyed the strong herb flavor infused with the relish of mushrooms.</text>
        <opinions>
            <opinion polarity="positive" start="0" end="109" target="Double-boiled Trio Mushroom Soup with Rice Beans, Black Eye Beans, Lotus Seeds, Longans, Carrots and Red Dates"></opinion>
        </opinions>
    </sentence>
    <sentence id="681">
        <text>Drunken Chicken in Hua Diao and Rose Dew Chinese Wine ; the texture of the Chicken was really smooth while the meat was sliced rather thin.</text>
        <opinions>
            <opinion polarity="positive" start="0" end="52" target="Drunken Chicken in Hua Diao and Rose Dew Chinese Wine"></opinion>
        </opinions>
    </sentence>
    <sentence id="683">
        <text>Steamed Onion and Ginger Beef Dumplings ; just a single bite off the dumpling and the minced beef oozes out together with the soup ; I had personally enjoyed the gastronomical experience.</text>
        <opinions>
            <opinion polarity="positive" start="0" end="38" target="Steamed Onion and Ginger Beef Dumplings"></opinion>
        </opinions>
    </sentence>
    <sentence id="685">
        <text>The Steamed Kurobuta Char Siew in Fluffy Bao were served piping hot ; the char siew filling was honey - sweet and flavorful, and it complemented very well with the fluffy Baos as promised by the name itself.</text>
        <opinions>
            <opinion polarity="positive" start="12" end="43" target="Kurobuta Char Siew in Fluffy Bao"></opinion>
        </opinions>
    </sentence>
    <sentence id="687">
        <text>The most appealing highlight of the Netted Crispy Rice Turnover stuffed with Prawns, Apple Slices and Mango was probably the sour tang brought about by the mango, which was more apparent than the apple flavor ; and the crispy texture of the rice turnover.</text>
        <opinions>
            <opinion polarity="positive" start="36" end="106" target="Netted Crispy Rice Turnover stuffed with Prawns, Apple Slices and Mango"></opinion>
        </opinions>
    </sentence>
    <sentence id="689">
        <text>I would say that the highlight of the Wok-fried Baby Corn and Asparagus in XO Sauce was more about crunchiness as the Baby Corn and Asparagus were underwhelmed by the XO Sauce, which should have brought a distinct savory touch to the vegetables, considering how well it accompanied the Wok-fried Waxed Meat Radish Cake.</text>
        <opinions>
            <opinion polarity="positive" start="38" end="82" target="Wok-fried Baby Corn and Asparagus in XO Sauce"></opinion>
            <opinion polarity="neutral" start="286" end="317" target="Wok-fried Waxed Meat Radish Cake"></opinion>
        </opinions>
    </sentence>
    <sentence id="690">
        <text>Slow-cooked Beef Brisket with Radish, Onions and Ginger ; the flavor of the beef lingered in my mouth for quite some time and it might be too overwhelming for some - I had to drink quite a few cups of Jasmine tea to get rid of the lingering taste.</text>
        <opinions>
            <opinion polarity="positive" start="0" end="54" target="Slow-cooked Beef Brisket with Radish, Onions and Ginger"></opinion>
        </opinions>
    </sentence>
    <sentence id="692">
        <text>Pan-fried Gyoza with Spicy Eggplant, minced Chicken, Tofu and Mushrooms ; I felt that the Pan-fried Gyoza were rather ordinary-tasting, the spiciness of the Eggplant failed to make any effect on the tastebuds while I believe that the mushrooms and Tofu must have been hidden within the generous servings of minced Chicken.</text>
        <opinions>
            <opinion polarity="neutral" start="0" end="70" target="Pan-fried Gyoza with Spicy Eggplant, minced Chicken, Tofu and Mushrooms"></opinion>
        </opinions>
    </sentence>
    <sentence id="693">
        <text>Braised Ee-Fu Noodles with Nameko Mushrooms, Silver Sprouts and Yellow Chives ; the texture of the Ee-Fu noodles is probably one of the smoothest I have had.</text>
        <opinions>
            <opinion polarity="positive" start="0" end="76" target="Braised Ee-Fu Noodles with Nameko Mushrooms, Silver Sprouts and Yellow Chives"></opinion>
        </opinions>
    </sentence>
    <sentence id="695">
        <text>The Steamed Juicy Pork Xiao Long Bao were served piping hot ; the Steamed Juicy Xiao Long Bao was yet another highlight of our meal.</text>
        <opinions>
            <opinion polarity="positive" start="23" end="35" target="Xiao Long Bao"></opinion>
            <opinion polarity="positive" start="23" end="35" target="Xiao Long Bao"></opinion>
        </opinions>
    </sentence>
    <sentence id="696">
        <text>Taking a slow and careful bite of the delicate-looking Dim Sum, it was yet another pleasant gastronomical experience while tasting the savory soup oozing out of the Xiao Long Bao.</text>
        <opinions>
            <opinion polarity="positive" start="165" end="177" target="Xiao Long Bao"></opinion>
        </opinions>
    </sentence>
    <sentence id="697">
        <text>Poached Chinese Spinach with Trio Treasure Egg Sauce was too bland for my liking and the sauce failed to bring any additional element to the poached Chinese Spinach.</text>
        <opinions>
            <opinion polarity="negative" start="0" end="51" target="Poached Chinese Spinach with Trio Treasure Egg Sauce"></opinion>
        </opinions>
    </sentence>
    <sentence id="699">
        <text>Steamed Shark s Fin Dumplings with Dried Scallops and Shrimps ; as exquisite as the name might suggest, I felt that this dish is worth the order solely due to the generous servings of succulent shrimps within the Dumpling.</text>
        <opinions>
            <opinion polarity="positive" start="0" end="60" target="Steamed Shark s Fin Dumplings with Dried Scallops and Shrimps"></opinion>
        </opinions>
    </sentence>
    <sentence id="701">
        <text>Honey Glazed Kurobuta Pork Char Siew ; yet another signature creation which vastly exceeded our expectations, my Aunt had commented that the Pork Char Siew was as brilliant as those in Hong Kong.</text>
        <opinions>
            <opinion polarity="positive" start="0" end="35" target="Honey Glazed Kurobuta Pork Char Siew"></opinion>
        </opinions>
    </sentence>
    <sentence id="704">
        <text>Braised Beef Fillet with Five Spices and Sea Salt, Served Chilled ; the beef fillet was well braised with the exotic flavor infused by the different spices of the dish, the dish was made even better by to its chilled concept.</text>
        <opinions>
            <opinion polarity="positive" start="0" end="48" target="Braised Beef Fillet with Five Spices and Sea Salt"></opinion>
        </opinions>
    </sentence>
    <sentence id="705">
        <text>Shrimp Salad with Wood Ear Mushrooms, Cucumbers and Ginger-Sesame Dressing ; a very light and refreshing dish with fresh shrimps and vegetables ; we concurred that it is the ginger-sesame dressing which made the salad so unique and delish, and definitely worthy of a second order.</text>
        <opinions>
            <opinion polarity="positive" start="0" end="73" target="Shrimp Salad with Wood Ear Mushrooms, Cucumbers and Ginger-Sesame Dressing"></opinion>
        </opinions>
    </sentence>
    <sentence id="706">
        <text>Layers of fats were apparent in the Roasted Pork Ribs in Spicy Sichuan Sauce dish ; the Roasted Pork Ribs had more of a honey sweet relish than the spiciness as promised by the name itself.</text>
        <opinions>
            <opinion polarity="negative" start="36" end="75" target="Roasted Pork Ribs in Spicy Sichuan Sauce"></opinion>
        </opinions>
    </sentence>
    <sentence id="707">
        <text>Steamed Patin Fish with Crispy Bread Crumbs in Light Soya Sauce ; the freshwater fish, as deemed by my Mother, was not as smooth as the other meat dishes and there was a hint of a certain muddy taste.</text>
        <opinions>
            <opinion polarity="negative" start="0" end="62" target="Steamed Patin Fish with Crispy Bread Crumbs in Light Soya Sauce"></opinion>
        </opinions>
    </sentence>
    <sentence id="709">
        <text>Doubled-boiled Red-Black Honey Date Tea with Papaya Pearls, Snow Mushroom and Apricot Seeds, a conflict between the sweet taste and bitterness which made the dessert rather perculiar in my opinion.</text>
        <opinions>
            <opinion polarity="negative" start="0" end="90" target="Doubled-boiled Red-Black Honey Date Tea with Papaya Pearls, Snow Mushroom and Apricot Seeds"></opinion>
        </opinions>
    </sentence>
    <sentence id="711">
        <text>Traditional Royal Steamed Red Bean Sponge Cake was my favourite dessert ; it was served piping hot and when it arrived, steam was drifting out of the casket.</text>
        <opinions>
            <opinion polarity="positive" start="0" end="45" target="Traditional Royal Steamed Red Bean Sponge Cake"></opinion>
        </opinions>
    </sentence>
    <sentence id="714">
        <text>My family members enjoyed the Cream of Avocado Served with Walnut Ice Cream dessert the most, though I found the Cream of Avocado too overpowering and rich.</text>
        <opinions>
            <opinion polarity="positive" start="30" end="74" target="Cream of Avocado Served with Walnut Ice Cream"></opinion>
        </opinions>
    </sentence>
    <sentence id="716">
        <text>The Chilled Cream of Mango with Sago Pearls, Pomelo and Lime Sorbet was Another favourite dessert of our meal, the creation was very refreshing and I liked the infusion of the lime sorbet and chilled cream of mango, since it compounded the tang of sourness within the dessert.</text>
        <opinions>
            <opinion polarity="positive" start="4" end="66" target="Chilled Cream of Mango with Sago Pearls, Pomelo and Lime Sorbet"></opinion>
        </opinions>
    </sentence>
    <sentence id="717">
        <text>In my opinion, the Watermelon Chutney with Aloe Vera, Crystal Pears and Refreshing Lemongrass Jelly was yet another perculiar dessert which I did not really enjoy, I could not really distinguish any sweet relish of the dessert while it was quite bland in my opinion.</text>
        <opinions>
            <opinion polarity="negative" start="19" end="98" target="Watermelon Chutney with Aloe Vera, Crystal Pears and Refreshing Lemongrass Jelly"></opinion>
        </opinions>
    </sentence>
    <sentence id="727">
        <text>the first course roast combination of roast duck, roast pork &amp; char siew was very average.</text>
        <opinions>
            <opinion polarity="negative" start="38" end="47" target="roast duck"></opinion>
            <opinion polarity="negative" start="50" end="59" target="roast pork"></opinion>
            <opinion polarity="negative" start="63" end="71" target="char siew"></opinion>
        </opinions>
    </sentence>
    <sentence id="728">
        <text>the second course sweet &amp; sour seafood soup was an excellent dish, just slightly sour, enough of trademark peppery taste, and a very tasty soup &amp; pleasant to the eye as well, much better than most places, and something i would enjoy though its not my favourite soup like most lie tong were.</text>
        <opinions>
            <opinion polarity="positive" start="18" end="42" target="sweet &amp; sour seafood soup"></opinion>
        </opinions>
    </sentence>
    <sentence id="729">
        <text>the third course of braised abalone with deep-fried beancurd was par excellence.</text>
        <opinions>
            <opinion polarity="positive" start="20" end="59" target="braised abalone with deep-fried beancurd"></opinion>
        </opinions>
    </sentence>
    <sentence id="732">
        <text>the deep-fried prawn was done wasabi prawn style but with sweet &amp; sauce and they did not come any better than a good zi char stall.</text>
        <opinions>
            <opinion polarity="negative" start="30" end="41" target="wasabi prawn"></opinion>
        </opinions>
    </sentence>
    <sentence id="733">
        <text>&amp; the fish fritter with tofu hardly fit the fine palate.</text>
        <opinions>
            <opinion polarity="negative" start="6" end="27" target="fish fritter with tofu"></opinion>
        </opinions>
    </sentence>
    <sentence id="735">
        <text>the black sesame crabmeat fried rice was an interesting dish &amp; quite nice &amp; tasty.</text>
        <opinions>
            <opinion polarity="positive" start="4" end="35" target="black sesame crabmeat fried rice"></opinion>
        </opinions>
    </sentence>
    <sentence id="752">
        <text>a great weekend treat with delights such as the succulent har gau and stewed char siew baos with soft fluffy skins.</text>
        <opinions>
            <opinion polarity="positive" start="58" end="64" target="har gau"></opinion>
            <opinion polarity="positive" start="77" end="90" target="char siew baos"></opinion>
        </opinions>
    </sentence>
    <sentence id="760">
        <text>Anyways, the appetiser for the day was breaded cod fish with garlic, which boasted light and crisp (not to mention piping hot) batter that had the smooth texture of cod.</text>
        <opinions>
            <opinion polarity="positive" start="39" end="66" target="breaded cod fish with garlic"></opinion>
        </opinions>
    </sentence>
    <sentence id="762">
        <text>Shark's Fin Soup - The shark's fin soup had little slivers of fins swimming around in a nice, not too thick / rich broth.</text>
        <opinions>
            <opinion polarity="positive" start="0" end="15" target="Shark's Fin Soup"></opinion>
        </opinions>
    </sentence>
    <sentence id="764">
        <text>Drunken Chicken &amp; Wasabi Prawn - This dish had 2 parts - drunken chicken and wasabi prawn, both of equally minute portions.</text>
        <opinions>
            <opinion polarity="negative" start="0" end="14" target="Drunken Chicken"></opinion>
            <opinion polarity="negative" start="18" end="29" target="Wasabi Prawn"></opinion>
            <opinion polarity="negative" start="57" end="71" target="drunken chicken"></opinion>
            <opinion polarity="negative" start="77" end="88" target="wasabi prawn"></opinion>
        </opinions>
    </sentence>
    <sentence id="767">
        <text>The wasabi prawn was fresh and coated with a nice crisp layer of batter sans an overwhelming wasabi taste.</text>
        <opinions>
            <opinion polarity="positive" start="4" end="15" target="wasabi prawn"></opinion>
        </opinions>
    </sentence>
    <sentence id="771">
        <text>Fish with Tofu - This dish was a little too salty for my liking and I could barely make out the taste of the fish, not with the amount of gravy that it was stir fried in.</text>
        <opinions>
            <opinion polarity="negative" start="0" end="13" target="Fish with Tofu"></opinion>
        </opinions>
    </sentence>
    <sentence id="773">
        <text>Seafood Fried Vermicelli - Plenty of seafood coupled with springy but a tad overly oily fried vermicelli made for a nice carbohydrate dish.</text>
        <opinions>
            <opinion polarity="negative" start="0" end="23" target="Seafood Fried Vermicelli"></opinion>
        </opinions>
    </sentence>
    <sentence id="775">
        <text>Lime Sorbet with Fresh Fruits - A feast for the eyes with its radiant colours but I can't say the same for the stomach.</text>
        <opinions>
            <opinion polarity="negative" start="0" end="28" target="Lime Sorbet with Fresh Fruits"></opinion>
        </opinions>
    </sentence>
    <sentence id="806">
        <text>I had the siew mai, the shark fin dumpling, the kurobuta pork char siew buns, the carrot cake and the Hashima for dessert.</text>
        <opinions>
            <opinion polarity="neutral" start="10" end="17" target="siew mai"></opinion>
            <opinion polarity="neutral" start="24" end="41" target="shark fin dumpling"></opinion>
            <opinion polarity="neutral" start="48" end="75" target="kurobuta pork char siew buns"></opinion>
            <opinion polarity="neutral" start="82" end="92" target="carrot cake"></opinion>
            <opinion polarity="neutral" start="102" end="108" target="Hashima"></opinion>
        </opinions>
    </sentence>
    <sentence id="826">
        <text>This was, one of the many, different renditions of har gau we would see today.</text>
        <opinions>
            <opinion polarity="neutral" start="51" end="57" target="har gau"></opinion>
        </opinions>
    </sentence>
    <sentence id="827">
        <text>Essentially a har gau without the skin ; the crab meat dumpling.</text>
        <opinions>
            <opinion polarity="neutral" start="14" end="20" target="har gau"></opinion>
            <opinion polarity="neutral" start="45" end="62" target="crab meat dumpling"></opinion>
        </opinions>
    </sentence>
    <sentence id="830">
        <text>The well-admired Steamed Prawn Dumplings had an injection of carrot pur e which only served to beautify the appearance of the har gau skin.</text>
        <opinions>
            <opinion polarity="positive" start="17" end="39" target="Steamed Prawn Dumplings"></opinion>
        </opinions>
    </sentence>
    <sentence id="833">
        <text>The purist camp did a demonstration on the streets, crying for the restoration of the conventional har gau which they were so used to.</text>
        <opinions>
            <opinion polarity="neutral" start="99" end="105" target="har gau"></opinion>
        </opinions>
    </sentence>
    <sentence id="838">
        <text>Steamed pork dumpling with preserved vegetables, siew mai.</text>
        <opinions>
            <opinion polarity="neutral" start="0" end="46" target="Steamed pork dumpling with preserved vegetables"></opinion>
            <opinion polarity="neutral" start="49" end="56" target="siew mai"></opinion>
        </opinions>
    </sentence>
    <sentence id="843">
        <text>The Steamed kurobuta char siew pork fluffy bao, was the winner for the day.</text>
        <opinions>
            <opinion polarity="positive" start="12" end="45" target="kurobuta char siew pork fluffy bao"></opinion>
        </opinions>
    </sentence>
    <sentence id="844">
        <text>The humble har gau did an open-faced sandwich ; with shark s fin on top.</text>
        <opinions>
            <opinion polarity="neutral" start="11" end="17" target="har gau"></opinion>
        </opinions>
    </sentence>
    <sentence id="847">
        <text>Steamed shark s fin dumplings with dried scallops and shrimp.</text>
        <opinions>
            <opinion polarity="neutral" start="0" end="59" target="Steamed shark s fin dumplings with dried scallops and shrimp"></opinion>
        </opinions>
    </sentence>
    <sentence id="850">
        <text>However, the Scallop and spinach crystal dumpling did came across as slightly dry.</text>
        <opinions>
            <opinion polarity="negative" start="13" end="48" target="Scallop and spinach crystal dumpling"></opinion>
        </opinions>
    </sentence>
    <sentence id="851">
        <text>Truffled Essence Crystal Dumplings stuffed with Assorted Fresh Mushrooms.</text>
        <opinions>
            <opinion polarity="neutral" start="0" end="71" target="Truffled Essence Crystal Dumplings stuffed with Assorted Fresh Mushrooms"></opinion>
        </opinions>
    </sentence>
    <sentence id="855">
        <text>Netted rice crispy turnover.</text>
        <opinions>
            <opinion polarity="neutral" start="0" end="26" target="Netted rice crispy turnover"></opinion>
        </opinions>
    </sentence>
    <sentence id="857">
        <text>My dear, the netted rice crispy turnover.</text>
        <opinions>
            <opinion polarity="positive" start="13" end="39" target="netted rice crispy turnover"></opinion>
        </opinions>
    </sentence>
    <sentence id="858">
        <text>And there was the famous XLB.</text>
        <opinions>
            <opinion polarity="positive" start="25" end="27" target="XLB"></opinion>
        </opinions>
    </sentence>
    <sentence id="863">
        <text>Ah, that s the pan-fried chives and chicken dumplings!</text>
        <opinions>
            <opinion polarity="positive" start="15" end="52" target="pan-fried chives and chicken dumplings"></opinion>
        </opinions>
    </sentence>
    <sentence id="867">
        <text>This was the umpteenth time we had a make-over of the har gau, they called it, Steamed Chinese spinach dumplings.</text>
        <opinions>
            <opinion polarity="neutral" start="54" end="60" target="har gau"></opinion>
            <opinion polarity="neutral" start="79" end="111" target="Steamed Chinese spinach dumplings"></opinion>
        </opinions>
    </sentence>
    <sentence id="873">
        <text>With a wave of her wand, the deep-fried potato pear appeared.</text>
        <opinions>
            <opinion polarity="neutral" start="29" end="50" target="deep-fried potato pear"></opinion>
        </opinions>
    </sentence>
    <sentence id="879">
        <text>The first: we have a soup, grouper fish broth with ginger, onion and Silken tofu.</text>
        <opinions>
            <opinion polarity="neutral" start="27" end="79" target="grouper fish broth with ginger, onion and Silken tofu"></opinion>
        </opinions>
    </sentence>
    <sentence id="880">
        <text>Steamed grouper crystal fish dumpling.</text>
        <opinions>
            <opinion polarity="neutral" start="0" end="36" target="Steamed grouper crystal fish dumpling"></opinion>
        </opinions>
    </sentence>
    <sentence id="897">
        <text>Sauted grouper fillet with asparagus, no parts of the fish were wasted, from the meat, to the skin.</text>
        <opinions>
            <opinion polarity="positive" start="0" end="35" target="Sauted grouper fillet with asparagus"></opinion>
        </opinions>
    </sentence>
    <sentence id="917">
        <text>One of the impressive dish is scallop with salted egg.</text>
        <opinions>
            <opinion polarity="positive" start="30" end="52" target="scallop with salted egg"></opinion>
        </opinions>
    </sentence>
    <sentence id="922">
        <text>We were served with the Crisp-Fried Marinated Duck stuffed with Glutinous Rice which was simply out of this world!</text>
        <opinions>
            <opinion polarity="positive" start="24" end="77" target="Crisp-Fried Marinated Duck stuffed with Glutinous Rice"></opinion>
        </opinions>
    </sentence>
    <sentence id="924">
        <text>A must try here is the Crispy Fried Marinated Duck stuffed with Glutinous Rice.</text>
        <opinions>
            <opinion polarity="positive" start="23" end="77" target="Crispy Fried Marinated Duck stuffed with Glutinous Rice"></opinion>
        </opinions>
    </sentence>
    <sentence id="936">
        <text>Cherry Garden's Crisp-Fried marinated duck stuffed with glutinous rice.</text>
        <opinions>
            <opinion polarity="neutral" start="16" end="69" target="Crisp-Fried marinated duck stuffed with glutinous rice"></opinion>
        </opinions>
    </sentence>
    <sentence id="941">
        <text>Crisp-fried Marinated Duck stuffed with glutinous rice at Cherry Garden, Mandarin Oriental Hotel.</text>
        <opinions>
            <opinion polarity="neutral" start="0" end="53" target="Crisp-fried Marinated Duck stuffed with glutinous rice"></opinion>
        </opinions>
    </sentence>
    <sentence id="952">
        <text>I had crisp fried marinated duck with glutinous rice.</text>
        <opinions>
            <opinion polarity="neutral" start="6" end="51" target="crisp fried marinated duck with glutinous rice"></opinion>
        </opinions>
    </sentence>
    <sentence id="959">
        <text>we had crisp-fried marinated duck stuffed with glutinous rice and cheery sauce on the side.</text>
        <opinions>
            <opinion polarity="neutral" start="7" end="77" target="crisp-fried marinated duck stuffed with glutinous rice and cheery sauce"></opinion>
        </opinions>
    </sentence>
    <sentence id="961">
        <text>Cherry Garden's crisp-fried marinated duck stuffed with glutinous rice is like a deconstructed 'bak zhang'.</text>
        <opinions>
            <opinion polarity="neutral" start="16" end="69" target="crisp-fried marinated duck stuffed with glutinous rice"></opinion>
        </opinions>
    </sentence>
    <sentence id="963">
        <text>#hungry 4f 1 crisp-fried duck with chef's specialty cherry sauce!</text>
        <opinions>
            <opinion polarity="positive" start="13" end="63" target="crisp-fried duck with chef's specialty cherry sauce"></opinion>
        </opinions>
    </sentence>
    <sentence id="965">
        <text>Crisp Fried Marinated Duck stuffed with Glutinous Rice is something that you should try at Cherry Garden.</text>
        <opinions>
            <opinion polarity="positive" start="0" end="53" target="Crisp Fried Marinated Duck stuffed with Glutinous Rice"></opinion>
        </opinions>
    </sentence>
    <sentence id="967">
        <text>The duck is a double layer duck, roasted crispy duck with glutinous rice that is quite flavourful below it.</text>
        <opinions>
            <opinion polarity="positive" start="41" end="71" target="crispy duck with glutinous rice"></opinion>
        </opinions>
    </sentence>
    <sentence id="972">
        <text>Few dishes that I really like are ; Baby abalone &amp; fresh mushroom wrapped in paper, crispy prawn with wasabi &amp; fresh mango, kurabuta pork in soya wine sauce, homemade tofu with vegetables and as for desserts, cream of avocado and cream of guava with sour plum jelly.</text>
        <opinions>
            <opinion polarity="positive" start="36" end="81" target="Baby abalone &amp; fresh mushroom wrapped in paper"></opinion>
            <opinion polarity="positive" start="84" end="121" target="crispy prawn with wasabi &amp; fresh mango"></opinion>
            <opinion polarity="positive" start="124" end="155" target="kurabuta pork in soya wine sauce"></opinion>
            <opinion polarity="positive" start="158" end="186" target="homemade tofu with vegetables"></opinion>
            <opinion polarity="positive" start="209" end="224" target="cream of avocado"></opinion>
            <opinion polarity="positive" start="230" end="264" target="cream of guava with sour plum jelly"></opinion>
        </opinions>
    </sentence>
    <sentence id="973">
        <text>Their black sesame with crab meat fried rice and crispy duck wrapped in chinese crepe are worth to try too!</text>
        <opinions>
            <opinion polarity="positive" start="6" end="43" target="black sesame with crab meat fried rice"></opinion>
            <opinion polarity="positive" start="49" end="84" target="crispy duck wrapped in chinese crepe"></opinion>
        </opinions>
    </sentence>
    <sentence id="975">
        <text>Seeing as this is an ala carte buffet with a 8 page menu to choose from, I'll just cut to the chase and let you know what you HAVE to order, so you save your stomach for the best: 1. Xiao Long Bao</text>
        <opinions>
            <opinion polarity="positive" start="183" end="195" target="Xiao Long Bao"></opinion>
        </opinions>
    </sentence>
    <sentence id="976">
        <text>2. Wasabi Prawns</text>
        <opinions>
            <opinion polarity="neutral" start="3" end="15" target="Wasabi Prawns"></opinion>
        </opinions>
    </sentence>
    <sentence id="977">
        <text>3. Kurobuta Pork with Garlic, Leek, Mushroom</text>
        <opinions>
            <opinion polarity="neutral" start="2" end="42" target="Kurobuta Pork with Garlic, Leek, Mushroom"></opinion>
        </opinions>
    </sentence>
    <sentence id="978">
        <text>4. Steamed radish cake in XO sauce</text>
        <opinions>
            <opinion polarity="neutral" start="3" end="33" target="Steamed radish cake in XO sauce"></opinion>
        </opinions>
    </sentence>
    <sentence id="979">
        <text>5. Eggplant with Chicken Floss</text>
        <opinions>
            <opinion polarity="neutral" start="3" end="29" target="Eggplant with Chicken Floss"></opinion>
        </opinions>
    </sentence>
    <sentence id="980">
        <text>6. Kurobuta Char Siew Bao</text>
        <opinions>
            <opinion polarity="neutral" start="3" end="24" target="Kurobuta Char Siew Bao"></opinion>
        </opinions>
    </sentence>
    <sentence id="981">
        <text>7. Cream of Mango</text>
        <opinions>
            <opinion polarity="neutral" start="3" end="16" target="Cream of Mango"></opinion>
        </opinions>
    </sentence>
    <sentence id="982">
        <text>8. Cream of Avocado</text>
        <opinions>
            <opinion polarity="neutral" start="3" end="18" target="Cream of Avocado"></opinion>
        </opinions>
    </sentence>
    <sentence id="984">
        <text>1. Mini Abalone Siew Mai with Pork and Mushrooms</text>
        <opinions>
            <opinion polarity="neutral" start="3" end="47" target="Mini Abalone Siew Mai with Pork and Mushrooms"></opinion>
        </opinions>
    </sentence>
    <sentence id="985">
        <text>2. Shark's Fin Dumpling with Scallop and Shrimp</text>
        <opinions>
            <opinion polarity="neutral" start="3" end="46" target="Shark's Fin Dumpling with Scallop and Shrimp"></opinion>
        </opinions>
    </sentence>
    <sentence id="986">
        <text>3. Hot and Sour Soup</text>
        <opinions>
            <opinion polarity="neutral" start="3" end="19" target="Hot and Sour Soup"></opinion>
        </opinions>
    </sentence>
    <sentence id="987">
        <text>4. Rice Turnover with Mango, Apple and Prawn</text>
        <opinions>
            <opinion polarity="neutral" start="3" end="43" target="Rice Turnover with Mango, Apple and Prawn"></opinion>
        </opinions>
    </sentence>
    <sentence id="988">
        <text>5. Honey Date Tea</text>
        <opinions>
            <opinion polarity="neutral" start="3" end="16" target="Honey Date Tea"></opinion>
        </opinions>
    </sentence>
    <sentence id="989">
        <text>6. Watermelon Chutney</text>
        <opinions>
            <opinion polarity="neutral" start="3" end="20" target="Watermelon Chutney"></opinion>
        </opinions>
    </sentence>
    <sentence id="1005">
        <text>Food wise, we have ordered some of Cherry Garden's specialties as advised by Felicia herself and find most of the item satisfying, eg ; the Crisp Fried Scallops with Salted Egg Yolk, Marinated Sliced Preserved Sichuan Vegetable, Wok Fried Kurobuta Pork with Pistachio and Fresh Lily Bulbs (Yummi!) and Stir Fried Rice Vermicelli with seafood.</text>
        <opinions>
            <opinion polarity="positive" start="140" end="180" target="Crisp Fried Scallops with Salted Egg Yolk"></opinion>
            <opinion polarity="positive" start="183" end="226" target="Marinated Sliced Preserved Sichuan Vegetable"></opinion>
            <opinion polarity="positive" start="229" end="287" target="Wok Fried Kurobuta Pork with Pistachio and Fresh Lily Bulbs"></opinion>
            <opinion polarity="positive" start="302" end="340" target="Stir Fried Rice Vermicelli with seafood"></opinion>
        </opinions>
    </sentence>
    <sentence id="1007">
        <text>the drunken prawn seems to be over powered by the pepper and the soup barely have any herbal taste.</text>
        <opinions>
            <opinion polarity="negative" start="4" end="16" target="drunken prawn"></opinion>
        </opinions>
    </sentence>
    <sentence id="1008">
        <text>And the Deep Fried Sweet and Sour Fish, though crispy and fresh, seems to lack the sauce coated to bring out the taste of the fish.</text>
        <opinions>
            <opinion polarity="negative" start="8" end="37" target="Deep Fried Sweet and Sour Fish"></opinion>
        </opinions>
    </sentence>
    <sentence id="1009">
        <text>And the real disappointment is the dessert, apart from the Mango Sago that we have ordered, failed to rise up to our expectation, especially the Cherries in Nu Er Hong which has uneven size of ice shaving, thus diluting the taste of the dessert as a whole, and honestly, doesn't taste like there's any dose of Nu Er Hong in the jello itself.</text>
        <opinions>
            <opinion polarity="negative" start="59" end="68" target="Mango Sago"></opinion>
            <opinion polarity="negative" start="145" end="166" target="Cherries in Nu Er Hong"></opinion>
        </opinions>
    </sentence>
    <sentence id="1022">
        <text>We went along with the set meal - Cherry Garden Supreme Menu @ $98 + + + / pax and had the following: 1) Lobster salad with mango &amp; avocado in garlic-chilli citrus jus - a tad too sour for me, but a clear favourite among my family 2) Braised shark's sin with scallop mousse in rich supreme broth - alright-tasting chunks of shark's fin in starchy broth.</text>
        <opinions>
            <opinion polarity="positive" start="105" end="166" target="Lobster salad with mango &amp; avocado in garlic-chilli citrus jus"></opinion>
            <opinion polarity="neutral" start="234" end="294" target="Braised shark's sin with scallop mousse in rich supreme broth"></opinion>
        </opinions>
    </sentence>
    <sentence id="1025">
        <text>3) Steamed cod fillet in superior soy - if you still can't get enough of cod fish, yeah, this one is executed pretty well.</text>
        <opinions>
            <opinion polarity="positive" start="3" end="36" target="Steamed cod fillet in superior soy"></opinion>
        </opinions>
    </sentence>
    <sentence id="1027">
        <text>4) Fourth course was supposed to be lamb rack, but it wasn't available so the restaurant has generously offered three alternatives for us to choose from: - beef in pepper-sauce - excellent, excellent.</text>
        <opinions>
            <opinion polarity="neutral" start="36" end="44" target="lamb rack"></opinion>
            <opinion polarity="positive" start="156" end="175" target="beef in pepper-sauce"></opinion>
        </opinions>
    </sentence>
    <sentence id="1029">
        <text>Tender, juicy and flavoursome - pork ribs in sweet sauce - alright - crispy-skin duck - a tad too dry for me.</text>
        <opinions>
            <opinion polarity="positive" start="32" end="55" target="pork ribs in sweet sauce"></opinion>
            <opinion polarity="negative" start="69" end="84" target="crispy-skin duck"></opinion>
        </opinions>
    </sentence>
    <sentence id="1032">
        <text>5) Stir-fried vermicelli with seafood, silver sprout and yellow chives - another ok dish.</text>
        <opinions>
            <opinion polarity="neutral" start="3" end="69" target="Stir-fried vermicelli with seafood, silver sprout and yellow chives"></opinion>
        </opinions>
    </sentence>
    <sentence id="1033">
        <text>6) Dessert: a lengthily-named dish of chilled sour plum crystal jelly and sliced guava accompanied with crisp-fried traditional water chestnut cake - quite an enjoyable dessert actually.</text>
        <opinions>
            <opinion polarity="positive" start="38" end="146" target="chilled sour plum crystal jelly and sliced guava accompanied with crisp-fried traditional water chestnut cake"></opinion>
        </opinions>
    </sentence>
    <sentence id="1034">
        <text>Everyone enjoyed the fried water chestnut cake, it is indeed crisp fried and it goes well with the soothing and palate-cleansing plum jelly.</text>
        <opinions>
            <opinion polarity="positive" start="21" end="45" target="fried water chestnut cake"></opinion>
        </opinions>
    </sentence>
    <sentence id="1058">
        <text>A complimentary amuse bouche was presented to us after orders were placed ; a single piece of roasted duck toothpicked with a cube of papaya partially soused in orange juice.</text>
        <opinions>
            <opinion polarity="neutral" start="94" end="105" target="roasted duck"></opinion>
        </opinions>
    </sentence>
    <sentence id="1061">
        <text>Crisp-fried scallops with salted egg yolk and crispy Asian spice crumbs, $26 delighted me with the crackling crispy crust and the soft supple scallops within.</text>
        <opinions>
            <opinion polarity="positive" start="0" end="70" target="Crisp-fried scallops with salted egg yolk and crispy Asian spice crumbs"></opinion>
        </opinions>
    </sentence>
    <sentence id="1062">
        <text>I had wanted to order the highly lauded wasabi prawns at first, but we culled this after the waiter pointed that we already had a crustacean dish within our orders.</text>
        <opinions>
            <opinion polarity="neutral" start="40" end="52" target="wasabi prawns"></opinion>
        </opinions>
    </sentence>
    <sentence id="1064">
        <text>Wasabi prawns will hafta wait.</text>
        <opinions>
            <opinion polarity="neutral" start="0" end="12" target="Wasabi prawns"></opinion>
        </opinions>
    </sentence>
    <sentence id="1065">
        <text>Double-boiled shark s cartilage soup with scallops, conpoy and honshimeiji mushrooms, $16.</text>
        <opinions>
            <opinion polarity="neutral" start="0" end="83" target="Double-boiled shark s cartilage soup with scallops, conpoy and honshimeiji mushrooms"></opinion>
        </opinions>
    </sentence>
    <sentence id="1068">
        <text>The above mentioned crustacean was the award winning dish of the Singapore Food Festival 2008 - Wok-grilled pipa lobster with minced pork farce in chef s concoction, $24.</text>
        <opinions>
            <opinion polarity="positive" start="96" end="163" target="Wok-grilled pipa lobster with minced pork farce in chef s concoction"></opinion>
        </opinions>
    </sentence>
    <sentence id="1073">
        <text>Braised homemade tofu with monkey head mushrooms, served with green vegetables $18.</text>
        <opinions>
            <opinion polarity="neutral" start="0" end="47" target="Braised homemade tofu with monkey head mushrooms"></opinion>
        </opinions>
    </sentence>
    <sentence id="1076">
        <text>Last but not least, Pan-fried Kurobuta pork with plum and hua diao Chinese wine sauce $16 is one of the winners of the evening.</text>
        <opinions>
            <opinion polarity="positive" start="20" end="84" target="Pan-fried Kurobuta pork with plum and hua diao Chinese wine sauce"></opinion>
        </opinions>
    </sentence>
</sentences>