<?xml version="1.0" encoding="UTF-8" standalone="yes"?>
<sentences>
    <sentence id="17">
        <text>Their dim sum is damm good especially their Feng Jiao.</text>
        <opinions>
            <opinion polarity="positive" start="44" end="52" target="Feng Jiao"></opinion>
        </opinions>
    </sentence>
    <sentence id="26">
        <text>In the end we had: Hong Kong Noodles ($12) (Small) Sliced Fish with Broccoli ($15) (Small) Deer Meet with Ginger and Onion ($15) (Small)</text>
        <opinions>
            <opinion polarity="neutral" start="19" end="35" target="Hong Kong Noodles"></opinion>
            <opinion polarity="neutral" start="51" end="75" target="Sliced Fish with Broccoli"></opinion>
            <opinion polarity="neutral" start="91" end="121" target="Deer Meet with Ginger and Onion"></opinion>
        </opinions>
    </sentence>
    <sentence id="27">
        <text>The sliced fish with broccoli was excellent.</text>
        <opinions>
            <opinion polarity="positive" start="4" end="28" target="sliced fish with broccoli"></opinion>
        </opinions>
    </sentence>
    <sentence id="35">
        <text>The Deer Meat with Ginger and Onion was decent also - deer tastes a little like a cross between chicken and pork - its not really chicken because its not so tough or lean, pork because well it feels a little fatty.</text>
        <opinions>
            <opinion polarity="positive" start="4" end="34" target="Deer Meat with Ginger and Onion"></opinion>
        </opinions>
    </sentence>
    <sentence id="39">
        <text>The hongkong noodles however were a let down.</text>
        <opinions>
            <opinion polarity="negative" start="4" end="19" target="hongkong noodles"></opinion>
        </opinions>
    </sentence>
    <sentence id="51">
        <text>My idea of dim sum items should have more steam items but this time i see a lot of fried food items... steam item trolley only have one and pathetic choices: xiao long bao, custard bun, chao siew bun, chicken feet, siew mai and har kow... but sad to say... barely much.</text>
        <opinions>
            <opinion polarity="neutral" start="158" end="170" target="xiao long bao"></opinion>
            <opinion polarity="neutral" start="173" end="183" target="custard bun"></opinion>
            <opinion polarity="neutral" start="186" end="198" target="chao siew bun"></opinion>
            <opinion polarity="neutral" start="201" end="212" target="chicken feet"></opinion>
            <opinion polarity="neutral" start="215" end="222" target="siew mai"></opinion>
            <opinion polarity="neutral" start="228" end="234" target="har kow"></opinion>
        </opinions>
    </sentence>
    <sentence id="84">
        <text>The crust of the char siew sou is just as important as its contents.</text>
        <opinions>
            <opinion polarity="neutral" start="17" end="29" target="char siew sou"></opinion>
        </opinions>
    </sentence>
    <sentence id="87">
        <text>Egg tarts are on the same trolley as my char siew sou, so i'll always grab them along the way as well.</text>
        <opinions>
            <opinion polarity="neutral" start="0" end="8" target="Egg tarts"></opinion>
            <opinion polarity="neutral" start="40" end="52" target="char siew sou"></opinion>
        </opinions>
    </sentence>
    <sentence id="88">
        <text>Since i'm the char siew sou fan in my family, i always get to eat TWO of it (:</text>
        <opinions>
            <opinion polarity="positive" start="14" end="26" target="char siew sou"></opinion>
        </opinions>
    </sentence>
    <sentence id="89">
        <text>so i'll alternate the two with an egg tart in between.</text>
        <opinions>
            <opinion polarity="neutral" start="34" end="41" target="egg tart"></opinion>
        </opinions>
    </sentence>
    <sentence id="93">
        <text>I used to love century egg porridge, but now since i've got my new love, i no longer like century egg porridge that much anymore :P</text>
        <opinions>
            <opinion polarity="positive" start="15" end="34" target="century egg porridge"></opinion>
            <opinion polarity="negative" start="15" end="34" target="century egg porridge"></opinion>
        </opinions>
    </sentence>
    <sentence id="94">
        <text>The yam cake was quite nice, with chunks of yam inside.</text>
        <opinions>
            <opinion polarity="positive" start="4" end="11" target="yam cake"></opinion>
        </opinions>
    </sentence>
    <sentence id="96">
        <text>however, if i were to be craving yam cake, there is a coffee shop in sin ming with SUPERB yam cake (the entire thing is made of yam, not merely little chunks), so having eaten that, i have yet to be impressed with the yam cake anywhere else.</text>
        <opinions>
            <opinion polarity="neutral" start="33" end="40" target="yam cake"></opinion>
            <opinion polarity="positive" start="33" end="40" target="yam cake"></opinion>
            <opinion polarity="negative" start="33" end="40" target="yam cake"></opinion>
        </opinions>
    </sentence>
    <sentence id="97">
        <text>Siew mai and har gow were both decent - all must-haves when my family eats dim sum.</text>
        <opinions>
            <opinion polarity="positive" start="0" end="7" target="Siew mai"></opinion>
            <opinion polarity="positive" start="13" end="19" target="har gow"></opinion>
        </opinions>
    </sentence>
    <sentence id="99">
        <text>So naturally i liked the char siew bao.</text>
        <opinions>
            <opinion polarity="positive" start="25" end="37" target="char siew bao"></opinion>
        </opinions>
    </sentence>
    <sentence id="103">
        <text>I only like chee cheong fun served in dim sum.</text>
        <opinions>
            <opinion polarity="positive" start="12" end="26" target="chee cheong fun"></opinion>
        </opinions>
    </sentence>
    <sentence id="109">
        <text>Lastly the king of all dishes - the DA BAO.</text>
        <opinions>
            <opinion polarity="positive" start="36" end="41" target="DA BAO"></opinion>
        </opinions>
    </sentence>
    <sentence id="110">
        <text>The one here is seriously one BIG da bao.</text>
        <opinions>
            <opinion polarity="positive" start="34" end="39" target="da bao"></opinion>
        </opinions>
    </sentence>
    <sentence id="114">
        <text>Nice fluffy bun again, just like the char siew bao, and inside is full of a variety of ingredients - meat, chinese sausage, water chestnut (i think? it's something crunchy!), mushrooms... oh no i can't remember! :( but anyway, it really packs a punch with all the ingredients (:</text>
        <opinions>
            <opinion polarity="positive" start="37" end="49" target="char siew bao"></opinion>
        </opinions>
    </sentence>
    <sentence id="130">
        <text>Here the 'Har Gao' will come with a complete shrimp and 'Siew Mai' will have dices of shrimp in it.</text>
        <opinions>
            <opinion polarity="positive" start="10" end="16" target="Har Gao"></opinion>
            <opinion polarity="positive" start="57" end="64" target="Siew Mai"></opinion>
        </opinions>
    </sentence>
    <sentence id="131">
        <text>The source in the 'Char Siew Pao' are juicy and the sweetness is just nice.</text>
        <opinions>
            <opinion polarity="positive" start="19" end="31" target="Char Siew Pao"></opinion>
        </opinions>
    </sentence>
    <sentence id="132">
        <text>The 'Char Siew Pao' and Egg tarts are all time favourites with my kids.</text>
        <opinions>
            <opinion polarity="positive" start="5" end="17" target="Char Siew Pao"></opinion>
            <opinion polarity="positive" start="24" end="32" target="Egg tarts"></opinion>
        </opinions>
    </sentence>
    <sentence id="133">
        <text>I personally like the Century Egg porridge which comes with lots of slices of century eggs in it.</text>
        <opinions>
            <opinion polarity="positive" start="22" end="41" target="Century Egg porridge"></opinion>
        </opinions>
    </sentence>
    <sentence id="139">
        <text>Love the Char Siew Pao.</text>
        <opinions>
            <opinion polarity="positive" start="9" end="21" target="Char Siew Pao"></opinion>
        </opinions>
    </sentence>
    <sentence id="162">
        <text>Of the food, the cheong fan is not bad, as were the char siew stuff.</text>
        <opinions>
            <opinion polarity="positive" start="17" end="26" target="cheong fan"></opinion>
        </opinions>
    </sentence>
    <sentence id="163">
        <text>Enough has been written about the thick skinned har gow: but if you were a har gow in Red Star, wouldn't you want a thick skin too?</text>
        <opinions>
            <opinion polarity="negative" start="48" end="54" target="har gow"></opinion>
            <opinion polarity="negative" start="48" end="54" target="har gow"></opinion>
        </opinions>
    </sentence>
    <sentence id="166">
        <text>The dim sum is horrible and the plate of char siew and roasted pork was cold and tasted very porky.</text>
        <opinions>
            <opinion polarity="negative" start="41" end="49" target="char siew"></opinion>
            <opinion polarity="negative" start="55" end="66" target="roasted pork"></opinion>
        </opinions>
    </sentence>
    <sentence id="176">
        <text>We had: Siew mai: VERY GOOD! Har gao: VERY GOOD! Century egg porridge: VERY GOOD! Pai kuat (pork ribs): GOOD! (a bit oily.</text>
        <opinions>
            <opinion polarity="positive" start="8" end="15" target="Siew mai"></opinion>
            <opinion polarity="positive" start="29" end="35" target="Har gao"></opinion>
            <opinion polarity="positive" start="49" end="68" target="Century egg porridge"></opinion>
            <opinion polarity="positive" start="82" end="89" target="Pai kuat"></opinion>
        </opinions>
    </sentence>
    <sentence id="179">
        <text>Fried yam thing: VERY GOOD! Ming xia jiao (fried prawn thingie) Good but a bit oilyMy favourite dim sum place - the food's authentic, the atmosphere is authentic.</text>
        <opinions>
            <opinion polarity="positive" start="28" end="40" target="Ming xia jiao"></opinion>
        </opinions>
    </sentence>
    <sentence id="186">
        <text>The fried mee sua is something you have to try, followed on by the usual dim sum items like siew mai and har gao.</text>
        <opinions>
            <opinion polarity="positive" start="4" end="16" target="fried mee sua"></opinion>
            <opinion polarity="positive" start="92" end="99" target="siew mai"></opinion>
            <opinion polarity="positive" start="105" end="111" target="har gao"></opinion>
        </opinions>
    </sentence>
    <sentence id="212">
        <text>I like the crispy skin chicken.</text>
        <opinions>
            <opinion polarity="positive" start="11" end="29" target="crispy skin chicken"></opinion>
        </opinions>
    </sentence>
    <sentence id="214">
        <text>I always love the Century Egg Porrige, Char siew and Carrot Cake which my grand ma used to order whenever we visit Red Star.</text>
        <opinions>
            <opinion polarity="positive" start="18" end="36" target="Century Egg Porrige"></opinion>
            <opinion polarity="positive" start="39" end="47" target="Char siew"></opinion>
            <opinion polarity="positive" start="53" end="63" target="Carrot Cake"></opinion>
        </opinions>
    </sentence>
    <sentence id="217">
        <text>Still the best Century Egg Porrige and one of the best Carrot Cakes.</text>
        <opinions>
            <opinion polarity="positive" start="15" end="33" target="Century Egg Porrige"></opinion>
            <opinion polarity="positive" start="55" end="66" target="Carrot Cakes"></opinion>
        </opinions>
    </sentence>
    <sentence id="223">
        <text>The xiao long bao and har gao on the other hand wasn't very impressive, dont bother..</text>
        <opinions>
            <opinion polarity="negative" start="4" end="16" target="xiao long bao"></opinion>
            <opinion polarity="negative" start="22" end="28" target="har gao"></opinion>
        </opinions>
    </sentence>
    <sentence id="224">
        <text>Miss out the other must order dish mention by Pokka, the egg tarts! !</text>
        <opinions>
            <opinion polarity="positive" start="57" end="65" target="egg tarts"></opinion>
        </opinions>
    </sentence>
    <sentence id="227">
        <text>BTW they served pretty good congee and mango pudding (my soft spot), do order those if you visit :)</text>
        <opinions>
            <opinion polarity="positive" start="28" end="33" target="congee"></opinion>
            <opinion polarity="positive" start="39" end="51" target="mango pudding"></opinion>
        </opinions>
    </sentence>
    <sentence id="231">
        <text>Try the Da Bao, it's a humongous pau with various fillings like sausage, minced meat, egg, vegetable etc and probably requires 2 to finish!</text>
        <opinions>
            <opinion polarity="positive" start="8" end="13" target="Da Bao"></opinion>
        </opinions>
    </sentence>
    <sentence id="233">
        <text>The Char Siew Sou is not bad too with a heavy char siew filling with dark gravy and a flaky buttery pastry.</text>
        <opinions>
            <opinion polarity="positive" start="4" end="16" target="Char Siew Sou"></opinion>
        </opinions>
    </sentence>
    <sentence id="234">
        <text>Surprisingly, I liked the Xiao Long Bao though there wasn't much soup and the skin was quite thick.</text>
        <opinions>
            <opinion polarity="positive" start="26" end="38" target="Xiao Long Bao"></opinion>
        </opinions>
    </sentence>
    <sentence id="236">
        <text>You can order the Lor Mai Kai, Siew Mai and vegetable too if you want, those were quite decent.</text>
        <opinions>
            <opinion polarity="positive" start="18" end="28" target="Lor Mai Kai"></opinion>
            <opinion polarity="positive" start="31" end="38" target="Siew Mai"></opinion>
        </opinions>
    </sentence>
    <sentence id="237">
        <text>The skin of the Har Gau was way too starchy and gummy for my liking and the egg tart was a little too sweet and milky.</text>
        <opinions>
            <opinion polarity="negative" start="16" end="22" target="Har Gau"></opinion>
            <opinion polarity="negative" start="76" end="83" target="egg tart"></opinion>
        </opinions>
    </sentence>
    <sentence id="239">
        <text>Wasn't a fan of the Fried Yam Ball either, too oily and not enough taste of yam.</text>
        <opinions>
            <opinion polarity="negative" start="20" end="33" target="Fried Yam Ball"></opinion>
        </opinions>
    </sentence>
    <sentence id="269">
        <text>I like Prawn dumping, siew mai and char siew bao.</text>
        <opinions>
            <opinion polarity="positive" start="7" end="19" target="Prawn dumping"></opinion>
            <opinion polarity="positive" start="22" end="29" target="siew mai"></opinion>
            <opinion polarity="positive" start="35" end="47" target="char siew bao"></opinion>
        </opinions>
    </sentence>
    <sentence id="284">
        <text>Our hong Kong noodles tasted distictly like soap, were discolored and cold.</text>
        <opinions>
            <opinion polarity="negative" start="4" end="20" target="hong Kong noodles"></opinion>
        </opinions>
    </sentence>
    <sentence id="296">
        <text>The har gow was just OK.</text>
        <opinions>
            <opinion polarity="neutral" start="4" end="10" target="har gow"></opinion>
        </opinions>
    </sentence>
    <sentence id="298">
        <text>The carrot cake was also over-starched and not quite as soft as I'd like them.</text>
        <opinions>
            <opinion polarity="negative" start="4" end="14" target="carrot cake"></opinion>
        </opinions>
    </sentence>
    <sentence id="300">
        <text>The har cheong fun was soft and smooth, the sauce not overly salty, but the tiny bits of prawns severely lacking.</text>
        <opinions>
            <opinion polarity="neutral" start="4" end="17" target="har cheong fun"></opinion>
        </opinions>
    </sentence>
    <sentence id="301">
        <text>By far the star of the show was the yam puff.</text>
        <opinions>
            <opinion polarity="positive" start="36" end="43" target="yam puff"></opinion>
        </opinions>
    </sentence>
    <sentence id="304">
        <text>Our desserts - the longan almond beancurd, and a very generous bowl of honeydew sago which comprised some incredibly thick and rich coconut milk and heaps of sago - was again passable but not warranting a second serving.</text>
        <opinions>
            <opinion polarity="neutral" start="19" end="40" target="longan almond beancurd"></opinion>
            <opinion polarity="neutral" start="71" end="83" target="honeydew sago"></opinion>
        </opinions>
    </sentence>
    <sentence id="309">
        <text>The dim sum here is amazingly good and my favourite one is the egg tarts!</text>
        <opinions>
            <opinion polarity="positive" start="63" end="71" target="egg tarts"></opinion>
        </opinions>
    </sentence>
    <sentence id="311">
        <text>Other must-tries include the mango sago with pomelo, pork buns and the roasted meat.</text>
        <opinions>
            <opinion polarity="positive" start="29" end="50" target="mango sago with pomelo"></opinion>
            <opinion polarity="positive" start="53" end="61" target="pork buns"></opinion>
            <opinion polarity="positive" start="71" end="82" target="roasted meat"></opinion>
        </opinions>
    </sentence>
    <sentence id="321">
        <text>The siew mai, har gao etc were decent.</text>
        <opinions>
            <opinion polarity="positive" start="4" end="11" target="siew mai"></opinion>
            <opinion polarity="positive" start="14" end="20" target="har gao"></opinion>
        </opinions>
    </sentence>
    <sentence id="323">
        <text>The century egg porridge was disappointing.</text>
        <opinions>
            <opinion polarity="negative" start="4" end="23" target="century egg porridge"></opinion>
        </opinions>
    </sentence>
    <sentence id="325">
        <text>The you tiao stuffed with sotong paste tasted stale.</text>
        <opinions>
            <opinion polarity="negative" start="4" end="37" target="you tiao stuffed with sotong paste"></opinion>
        </opinions>
    </sentence>
    <sentence id="326">
        <text>We also ordered the suckling pig and roast duck.</text>
        <opinions>
            <opinion polarity="neutral" start="20" end="31" target="suckling pig"></opinion>
            <opinion polarity="neutral" start="37" end="46" target="roast duck"></opinion>
        </opinions>
    </sentence>
    <sentence id="328">
        <text>I only like the egg tarts.</text>
        <opinions>
            <opinion polarity="positive" start="16" end="24" target="egg tarts"></opinion>
        </opinions>
    </sentence>
    <sentence id="335">
        <text>The standard fares can be found, siew mai, har kow, char siew soh, etc. quite authentic and tasty.</text>
        <opinions>
            <opinion polarity="positive" start="33" end="40" target="siew mai"></opinion>
            <opinion polarity="positive" start="43" end="49" target="har kow"></opinion>
            <opinion polarity="positive" start="52" end="64" target="char siew soh"></opinion>
        </opinions>
    </sentence>
    <sentence id="347">
        <text>It was unanimous when we agreed on how the Century Egg Porridge was a showstopper.</text>
        <opinions>
            <opinion polarity="negative" start="43" end="62" target="Century Egg Porridge"></opinion>
        </opinions>
    </sentence>
    <sentence id="348">
        <text>Together with its famous Chee Cheong Fan.</text>
        <opinions>
            <opinion polarity="neutral" start="25" end="39" target="Chee Cheong Fan"></opinion>
        </opinions>
    </sentence>
    <sentence id="353">
        <text>The Century Egg Porridge, for one, is now tasteless and bland, a drastic change.</text>
        <opinions>
            <opinion polarity="negative" start="4" end="23" target="Century Egg Porridge"></opinion>
        </opinions>
    </sentence>
    <sentence id="354">
        <text>The gravy that the Chee Cheong Fan is semi-soaked in, is no longer as flavorful as before.</text>
        <opinions>
            <opinion polarity="negative" start="19" end="33" target="Chee Cheong Fan"></opinion>
        </opinions>
    </sentence>
    <sentence id="376">
        <text>The Raw Fish is one of the best in town.</text>
        <opinions>
            <opinion polarity="positive" start="4" end="11" target="Raw Fish"></opinion>
        </opinions>
    </sentence>
    <sentence id="389">
        <text>Then, major disappointment came when i ate the JUICELESS XIAO LONG BAO. WHAT? !? !? !! !</text>
        <opinions>
            <opinion polarity="negative" start="57" end="69" target="XIAO LONG BAO"></opinion>
        </opinions>
    </sentence>
    <sentence id="390">
        <text>This is the first time ever i have eaten a xiao long bao with no juice. Major disappointment!</text>
        <opinions>
            <opinion polarity="negative" start="43" end="55" target="xiao long bao"></opinion>
        </opinions>
    </sentence>
    <sentence id="409">
        <text>We had egg tarts, har-gau, siew-mai, cheong fun, char shao siew, glutinous rice in lotnus leaf, fried bean curd, fried prawn rolls, steamed pork ribs, century egg congee.</text>
        <opinions>
            <opinion polarity="neutral" start="7" end="15" target="egg tarts"></opinion>
            <opinion polarity="neutral" start="18" end="24" target="har-gau"></opinion>
            <opinion polarity="neutral" start="27" end="34" target="siew-mai"></opinion>
            <opinion polarity="neutral" start="37" end="46" target="cheong fun"></opinion>
            <opinion polarity="neutral" start="49" end="62" target="char shao siew"></opinion>
            <opinion polarity="neutral" start="65" end="93" target="glutinous rice in lotnus leaf"></opinion>
            <opinion polarity="neutral" start="96" end="110" target="fried bean curd"></opinion>
            <opinion polarity="neutral" start="113" end="129" target="fried prawn rolls"></opinion>
            <opinion polarity="neutral" start="132" end="148" target="steamed pork ribs"></opinion>
            <opinion polarity="neutral" start="151" end="168" target="century egg congee"></opinion>
        </opinions>
    </sentence>
    <sentence id="411">
        <text>For desserts we had mango puddings and gui lin gao.</text>
        <opinions>
            <opinion polarity="neutral" start="20" end="33" target="mango puddings"></opinion>
            <opinion polarity="neutral" start="39" end="49" target="gui lin gao"></opinion>
        </opinions>
    </sentence>
    <sentence id="418">
        <text>Personally, i love this restaurant 'thousand layer cake' where it is almost impossible to find other dim sum restaurant or it is forzen but in this restaurant they are frshly made!</text>
        <opinions>
            <opinion polarity="positive" start="36" end="54" target="thousand layer cake"></opinion>
        </opinions>
    </sentence>
    <sentence id="435">
        <text>The spare ribs was super oily - and more bones than meat.</text>
        <opinions>
            <opinion polarity="negative" start="4" end="13" target="spare ribs"></opinion>
        </opinions>
    </sentence>
    <sentence id="437">
        <text>The phoenix legs was also bad.</text>
        <opinions>
            <opinion polarity="negative" start="4" end="15" target="phoenix legs"></opinion>
        </opinions>
    </sentence>
    <sentence id="454">
        <text>We had pork ribs, siew mai, char siew bao, egg custard bao, chee cheong fun (pork and shrimp).</text>
        <opinions>
            <opinion polarity="neutral" start="7" end="15" target="pork ribs"></opinion>
            <opinion polarity="neutral" start="18" end="25" target="siew mai"></opinion>
            <opinion polarity="neutral" start="28" end="40" target="char siew bao"></opinion>
            <opinion polarity="neutral" start="43" end="57" target="egg custard bao"></opinion>
            <opinion polarity="neutral" start="60" end="74" target="chee cheong fun"></opinion>
        </opinions>
    </sentence>
    <sentence id="455">
        <text>The pork ribs were really fatty and the chee cheong fun did not have enough sauce on it.</text>
        <opinions>
            <opinion polarity="negative" start="4" end="12" target="pork ribs"></opinion>
            <opinion polarity="negative" start="40" end="54" target="chee cheong fun"></opinion>
        </opinions>
    </sentence>
    <sentence id="457">
        <text>The best thing was the siew mai.</text>
        <opinions>
            <opinion polarity="positive" start="23" end="30" target="siew mai"></opinion>
        </opinions>
    </sentence>
    <sentence id="480">
        <text>Aside from that, I also requested for century egg &amp; lean meat porridge immediately after I sat down at the table.</text>
        <opinions>
            <opinion polarity="neutral" start="38" end="69" target="century egg &amp; lean meat porridge"></opinion>
        </opinions>
    </sentence>
    <sentence id="484">
        <text>The cheong fun was dry and the char siew inside was rather tasteless - - the sauce was salty and lacks a punch.</text>
        <opinions>
            <opinion polarity="negative" start="4" end="13" target="cheong fun"></opinion>
        </opinions>
    </sentence>
    <sentence id="485">
        <text>Har gow was decent although the shrimps were not terribly fresh.</text>
        <opinions>
            <opinion polarity="positive" start="0" end="6" target="Har gow"></opinion>
        </opinions>
    </sentence>
    <sentence id="486">
        <text>As for siew mai, my husband compared it to any neighbourhood hawker centre's siew mai.</text>
        <opinions>
            <opinion polarity="negative" start="7" end="14" target="siew mai"></opinion>
            <opinion polarity="negative" start="7" end="14" target="siew mai"></opinion>
        </opinions>
    </sentence>
    <sentence id="488">
        <text>Spare rib wasn't that bad but nothing to shout about.</text>
        <opinions>
            <opinion polarity="neutral" start="0" end="8" target="Spare rib"></opinion>
        </opinions>
    </sentence>
    <sentence id="489">
        <text>Finally the lotus leaf glutinous rice was not worth the money.</text>
        <opinions>
            <opinion polarity="negative" start="12" end="31" target="lotus leaf glutinous"></opinion>
        </opinions>
    </sentence>
    <sentence id="497">
        <text>The har gow skin was too thick.</text>
        <opinions>
            <opinion polarity="negative" start="4" end="10" target="har gow"></opinion>
        </opinions>
    </sentence>
    <sentence id="498">
        <text>The siew mais were kinda dried.</text>
        <opinions>
            <opinion polarity="negative" start="4" end="12" target="siew mais"></opinion>
        </opinions>
    </sentence>
    <sentence id="499">
        <text>Lor mai kai is too white and doesn't taste much.</text>
        <opinions>
            <opinion polarity="negative" start="0" end="10" target="Lor mai kai"></opinion>
        </opinions>
    </sentence>
    <sentence id="500">
        <text>Egg tarts were good.</text>
        <opinions>
            <opinion polarity="positive" start="0" end="8" target="Egg tarts"></opinion>
        </opinions>
    </sentence>
    <sentence id="515">
        <text>The prawns in the Har Kow were a little soft, lacking in the crunchiness of fresh prawns.</text>
        <opinions>
            <opinion polarity="negative" start="18" end="24" target="Har Kow"></opinion>
        </opinions>
    </sentence>
    <sentence id="516">
        <text>However, there was a tasty starchy juiciness in the Har Kow which was commendable.</text>
        <opinions>
            <opinion polarity="positive" start="52" end="58" target="Har Kow"></opinion>
        </opinions>
    </sentence>
    <sentence id="517">
        <text>To our disappointment, the Chinese Chive Rolls asted similar to Siew Mai.</text>
        <opinions>
            <opinion polarity="negative" start="27" end="45" target="Chinese Chive Rolls"></opinion>
            <opinion polarity="negative" start="64" end="71" target="Siew Mai"></opinion>
        </opinions>
    </sentence>
    <sentence id="518">
        <text>Despite a blend of pork, chives and prawns making up the fillings, these chive rolls were sorely lacking in the taste of chives.</text>
        <opinions>
            <opinion polarity="negative" start="73" end="83" target="chive rolls"></opinion>
        </opinions>
    </sentence>
    <sentence id="519">
        <text>The overpowering pork taste and the yellow wanton skin left a Siew Mai feeling.</text>
        <opinions>
            <opinion polarity="negative" start="62" end="69" target="Siew Mai"></opinion>
        </opinions>
    </sentence>
    <sentence id="520">
        <text>The Egg Tart had a buttery flaky puff-like skin which we felt was a little oily.</text>
        <opinions>
            <opinion polarity="negative" start="4" end="11" target="Egg Tart"></opinion>
        </opinions>
    </sentence>
    <sentence id="522">
        <text>The restaurant did not offer Liu Sha Bao on weekdays and we made do with their Nai Huang Bao.</text>
        <opinions>
            <opinion polarity="neutral" start="29" end="39" target="Liu Sha Bao"></opinion>
            <opinion polarity="neutral" start="79" end="91" target="Nai Huang Bao"></opinion>
        </opinions>
    </sentence>
    <sentence id="524">
        <text>The Carrot Cake did not make the mark as there was barely any visible ingredients like dried prawns besides the starchy white carrot cake.</text>
        <opinions>
            <opinion polarity="negative" start="4" end="14" target="Carrot Cake"></opinion>
            <opinion polarity="negative" start="126" end="136" target="carrot cake"></opinion>
        </opinions>
    </sentence>
    <sentence id="525">
        <text>We ordered the Black Sesame Paste for desserts.</text>
        <opinions>
            <opinion polarity="neutral" start="15" end="32" target="Black Sesame Paste"></opinion>
        </opinions>
    </sentence>
    <sentence id="532">
        <text>We ordered Red Star's big pau for a friend who horlanded while trying to find his way over and realised how good a joke it could get. (Godzilla pau would be a more appropriate name.)</text>
        <opinions>
            <opinion polarity="neutral" start="22" end="28" target="big pau"></opinion>
        </opinions>
    </sentence>
    <sentence id="535">
        <text>They had a lot of interesting items coming from the kitchen, like banana and prawn fritters.</text>
        <opinions>
            <opinion polarity="positive" start="66" end="90" target="banana and prawn fritters"></opinion>
        </opinions>
    </sentence>
    <sentence id="536">
        <text>Other minor surprises came in the form of somewhat unconventional yum cha items like paper-wrapped chicken.</text>
        <opinions>
            <opinion polarity="neutral" start="85" end="105" target="paper-wrapped chicken"></opinion>
        </opinions>
    </sentence>
    <sentence id="537">
        <text>The quintessential yum cha items like har gow, siew mai, chicken feet, pork ribs and century egg porridge were perfectly made and tasted perfect.</text>
        <opinions>
            <opinion polarity="positive" start="38" end="44" target="har gow"></opinion>
            <opinion polarity="positive" start="47" end="54" target="siew mai"></opinion>
            <opinion polarity="positive" start="57" end="68" target="chicken feet"></opinion>
            <opinion polarity="positive" start="71" end="79" target="pork ribs"></opinion>
            <opinion polarity="positive" start="85" end="104" target="century egg porridge"></opinion>
        </opinions>
    </sentence>
    <sentence id="546">
        <text>The food was not bad, I particularly liked the durian pancakes even though durian isn't my favourite food.</text>
        <opinions>
            <opinion polarity="positive" start="47" end="61" target="durian pancakes"></opinion>
        </opinions>
    </sentence>
    <sentence id="551">
        <text>Please do buy the durian pancakes no matter how full you are.</text>
        <opinions>
            <opinion polarity="positive" start="18" end="32" target="durian pancakes"></opinion>
        </opinions>
    </sentence>
    <sentence id="562">
        <text>I see the reviews mention that the egg tarts is nice.</text>
        <opinions>
            <opinion polarity="positive" start="35" end="43" target="egg tarts"></opinion>
        </opinions>
    </sentence>
    <sentence id="565">
        <text>The suckling pig cost $18 exclude GST and service charge, very small portion.</text>
        <opinions>
            <opinion polarity="negative" start="4" end="15" target="suckling pig"></opinion>
        </opinions>
    </sentence>
    <sentence id="587">
        <text>I like the crispy skin chicken.</text>
        <opinions>
            <opinion polarity="positive" start="11" end="29" target="crispy skin chicken"></opinion>
        </opinions>
    </sentence>
    <sentence id="594">
        <text>Favorites and must-trys are the siew mai, egg tarts and shrimp dumplings.</text>
        <opinions>
            <opinion polarity="positive" start="32" end="39" target="siew mai"></opinion>
            <opinion polarity="positive" start="42" end="50" target="egg tarts"></opinion>
            <opinion polarity="positive" start="56" end="71" target="shrimp dumplings"></opinion>
        </opinions>
    </sentence>
    <sentence id="600">
        <text>We had some roast pork as a starter.</text>
        <opinions>
            <opinion polarity="neutral" start="12" end="21" target="roast pork"></opinion>
        </opinions>
    </sentence>
    <sentence id="602">
        <text>The roast duck (they serve giant - sized ones!) is well-done, fragant and not too saltish.</text>
        <opinions>
            <opinion polarity="positive" start="4" end="13" target="roast duck"></opinion>
        </opinions>
    </sentence>
    <sentence id="603">
        <text>Deep-fried prawns ; steam grouper ; scallop with kai lan ; ginger and onion beef (well-marinated and tender) followed.</text>
        <opinions>
            <opinion polarity="neutral" start="0" end="16" target="Deep-fried prawns"></opinion>
            <opinion polarity="neutral" start="20" end="32" target="steam grouper"></opinion>
            <opinion polarity="neutral" start="36" end="55" target="scallop with kai lan"></opinion>
            <opinion polarity="positive" start="59" end="79" target="ginger and onion beef"></opinion>
        </opinions>
    </sentence>
    <sentence id="604">
        <text>But their winning dish is their big prawn-fried mee, topped with silky egg.</text>
        <opinions>
            <opinion polarity="positive" start="36" end="50" target="prawn-fried mee"></opinion>
        </opinions>
    </sentence>
    <sentence id="607">
        <text>Only their dried vegetable soup seems watery and tastes flat ;p ossibly because the stock is running low, and water is added to make up the volumn.</text>
        <opinions>
            <opinion polarity="negative" start="11" end="30" target="dried vegetable soup"></opinion>
        </opinions>
    </sentence>
    <sentence id="621">
        <text>The food is good in particular the egg tarts.</text>
        <opinions>
            <opinion polarity="positive" start="35" end="43" target="egg tarts"></opinion>
        </opinions>
    </sentence>
    <sentence id="622">
        <text>The fried hor fun is very good (enough wok hei to bring out the favour).</text>
        <opinions>
            <opinion polarity="positive" start="4" end="16" target="fried hor fun"></opinion>
        </opinions>
    </sentence>
    <sentence id="623">
        <text>The century egg porridge is good too.</text>
        <opinions>
            <opinion polarity="positive" start="4" end="23" target="century egg porridge"></opinion>
        </opinions>
    </sentence>
    <sentence id="627">
        <text>The century egg porrige is good.</text>
        <opinions>
            <opinion polarity="positive" start="4" end="22" target="century egg porrige"></opinion>
        </opinions>
    </sentence>
    <sentence id="634">
        <text>The sweet egg custard melted when you taste it, with flaky outer crustis, it is the best egg tart I ever take.</text>
        <opinions>
            <opinion polarity="positive" start="89" end="96" target="egg tart"></opinion>
        </opinions>
    </sentence>
    <sentence id="635">
        <text>Yusheng was created by them.</text>
        <opinions>
            <opinion polarity="neutral" start="0" end="6" target="Yusheng"></opinion>
        </opinions>
    </sentence>
    <sentence id="639">
        <text>the char siew baos took forever, and in the end we left w / o them despite the manager telling us that they're on the way (which happened at least half an hour ago, how ridiculous!).</text>
        <opinions>
            <opinion polarity="neutral" start="4" end="17" target="char siew baos"></opinion>
        </opinions>
    </sentence>
    <sentence id="643">
        <text>the carrot cake was good, while the siew mai was surprisingly less appetizing than the ones i get from the kopitiam near my house.</text>
        <opinions>
            <opinion polarity="positive" start="4" end="14" target="carrot cake"></opinion>
            <opinion polarity="negative" start="36" end="43" target="siew mai"></opinion>
        </opinions>
    </sentence>
    <sentence id="644">
        <text>gui lin gao was strong in herbal taste which i liked however one of my companions claimed that hers tasted like kiwi (that's right, kiwi shoe polish).</text>
        <opinions>
            <opinion polarity="positive" start="0" end="10" target="gui lin gao"></opinion>
        </opinions>
    </sentence>
    <sentence id="646">
        <text>the black bean pork ribs (am i saying it right?) were so-so.</text>
        <opinions>
            <opinion polarity="neutral" start="4" end="23" target="black bean pork ribs"></opinion>
        </opinions>
    </sentence>
    <sentence id="647">
        <text>the century egg porridge was nice, but nothing special compared to others that i've tasted (once again, the kopitiam near my house and at the bukit timah market).</text>
        <opinions>
            <opinion polarity="positive" start="4" end="23" target="century egg porridge"></opinion>
        </opinions>
    </sentence>
    <sentence id="648">
        <text>the roasted duck was slightly above average though, but i'm sure there's better out there.</text>
        <opinions>
            <opinion polarity="positive" start="4" end="15" target="roasted duck"></opinion>
        </opinions>
    </sentence>
    <sentence id="649">
        <text>charsiew chee cheong fun? so-so, nothing special.</text>
        <opinions>
            <opinion polarity="neutral" start="9" end="23" target="chee cheong fun"></opinion>
        </opinions>
    </sentence>
    <sentence id="650">
        <text>if the service provided was acceptable i wouldn't have been so irked, but what pissed me off the most was the chee cheong fun auntie, who kept bugging us while we were ordering from another auntie, asking us you want anot? ni yao ma? and we had to tell her wait, give us a minute.</text>
        <opinions>
            <opinion polarity="neutral" start="110" end="124" target="chee cheong fun"></opinion>
        </opinions>
    </sentence>
    <sentence id="662">
        <text>During weekends, you will almost have to run over to the kitchen entrance and pounce on the dim sum once it is pushed out else you might have to wait for another hour before you get to sink your teeth into the tender paus or siew mais...</text>
        <opinions>
            <opinion polarity="neutral" start="225" end="233" target="siew mais"></opinion>
        </opinions>
    </sentence>
    <sentence id="671">
        <text>congee push cart plain chee cheong fun - a very simple dish but it was satisfying especially since we were so hungry.</text>
        <opinions>
            <opinion polarity="neutral" start="0" end="5" target="congee"></opinion>
            <opinion polarity="positive" start="23" end="37" target="chee cheong fun"></opinion>
        </opinions>
    </sentence>
    <sentence id="672">
        <text>The black sauce was not too salty or sweet and it complemented the bland taste of the chee cheong fun well.</text>
        <opinions>
            <opinion polarity="positive" start="86" end="100" target="chee cheong fun"></opinion>
        </opinions>
    </sentence>
    <sentence id="675">
        <text>The har gows' skin had a mushy texture.</text>
        <opinions>
            <opinion polarity="negative" start="4" end="11" target="har gows"></opinion>
        </opinions>
    </sentence>
    <sentence id="677">
        <text>The pork ribs were not soft enough and was a bit salty while the siew mais and tofu with prawns were fairly decent.</text>
        <opinions>
            <opinion polarity="negative" start="4" end="12" target="pork ribs"></opinion>
            <opinion polarity="positive" start="65" end="73" target="siew mais"></opinion>
            <opinion polarity="positive" start="79" end="94" target="tofu with prawns"></opinion>
        </opinions>
    </sentence>
    <sentence id="678">
        <text>Egg tarts - the crust was very flaky and not dry.</text>
        <opinions>
            <opinion polarity="positive" start="0" end="8" target="Egg tarts"></opinion>
        </opinions>
    </sentence>
    <sentence id="682">
        <text>Salted Egg Yolk Bun (liu sha bao) - the salted yolk fillings had a runny consistency.</text>
        <opinions>
            <opinion polarity="positive" start="0" end="18" target="Salted Egg Yolk Bun"></opinion>
            <opinion polarity="positive" start="21" end="31" target="liu sha bao"></opinion>
        </opinions>
    </sentence>
    <sentence id="685">
        <text>It had a stronger milky taste than the usual liu shao baos that I had tried.</text>
        <opinions>
            <opinion polarity="positive" start="45" end="57" target="liu shao baos"></opinion>
        </opinions>
    </sentence>
    <sentence id="686">
        <text>Congee was served in a small bowl and topped with crispy crackers and green onions.</text>
        <opinions>
            <opinion polarity="neutral" start="0" end="5" target="Congee"></opinion>
        </opinions>
    </sentence>
    <sentence id="687">
        <text>Luo Mai Gai - a savoury steamed glutinous rice dish that consisted of mushrooms, chicken and chinese sausages ; literally translated to mean sticky rice chicken.</text>
        <opinions>
            <opinion polarity="neutral" start="0" end="10" target="Luo Mai Gai"></opinion>
        </opinions>
    </sentence>
    <sentence id="689">
        <text>Roasted Duck The skin was not really crispy but it was really yummy and went so well with the duck meat.</text>
        <opinions>
            <opinion polarity="positive" start="0" end="11" target="Roasted Duck"></opinion>
        </opinions>
    </sentence>
    <sentence id="690">
        <text>Oil was glistening under the lights but roasted duck meat are always oily right?</text>
        <opinions>
            <opinion polarity="neutral" start="40" end="51" target="roasted duck"></opinion>
        </opinions>
    </sentence>
    <sentence id="691">
        <text>Seafood Rolls wrapped with seaweed This was delectable and the serving portion was quite huge too but we managed to finish it up anyway.</text>
        <opinions>
            <opinion polarity="positive" start="0" end="33" target="Seafood Rolls wrapped with seaweed"></opinion>
        </opinions>
    </sentence>
    <sentence id="704">
        <text>The must-tries would be the pan-fried dumplings, yam fritters, siew mai, salted egg yolk custard buns and mango pudding.</text>
        <opinions>
            <opinion polarity="positive" start="28" end="46" target="pan-fried dumplings"></opinion>
            <opinion polarity="positive" start="49" end="60" target="yam fritters"></opinion>
            <opinion polarity="positive" start="63" end="70" target="siew mai"></opinion>
            <opinion polarity="positive" start="73" end="100" target="salted egg yolk custard buns"></opinion>
            <opinion polarity="positive" start="106" end="118" target="mango pudding"></opinion>
        </opinions>
    </sentence>
    <sentence id="705">
        <text>PLEASE AVOID THE PLATTER OF BARBEQUED MEATS LIKE THE PLAGUE.</text>
        <opinions>
            <opinion polarity="negative" start="17" end="42" target="PLATTER OF BARBEQUED MEATS"></opinion>
        </opinions>
    </sentence>
    <sentence id="723">
        <text>i tell impatient auntie to come back and take 1 long of siew mai from push cart china.</text>
        <opinions>
            <opinion polarity="neutral" start="56" end="63" target="siew mai"></opinion>
        </opinions>
    </sentence>
    <sentence id="726">
        <text>FOUR BUCKS FOR A LONG OF SIEW MAI AND EVERYTHING ELSE? ??</text>
        <opinions>
            <opinion polarity="neutral" start="25" end="32" target="SIEW MAI"></opinion>
        </opinions>
    </sentence>
    <sentence id="727">
        <text>let me tell u about the siew ma.</text>
        <opinions>
            <opinion polarity="neutral" start="24" end="30" target="siew ma"></opinion>
        </opinions>
    </sentence>
    <sentence id="732">
        <text>phoenix leg was mediocre also.</text>
        <opinions>
            <opinion polarity="negative" start="0" end="10" target="phoenix leg"></opinion>
        </opinions>
    </sentence>
    <sentence id="757">
        <text>However, the polo bun felt sweeter when I finally managed to find it.</text>
        <opinions>
            <opinion polarity="negative" start="13" end="20" target="polo bun"></opinion>
        </opinions>
    </sentence>
    <sentence id="761">
        <text>While most of the steamed stuff did not entice me much due to the thick and sticky skin, I was quite satisfied with the egg tarts, porridge, pudding and pleasantly surprised by the huge rotund polo bun.</text>
        <opinions>
            <opinion polarity="positive" start="120" end="128" target="egg tarts"></opinion>
            <opinion polarity="positive" start="131" end="138" target="porridge"></opinion>
            <opinion polarity="positive" start="141" end="147" target="pudding"></opinion>
            <opinion polarity="positive" start="193" end="200" target="polo bun"></opinion>
        </opinions>
    </sentence>
    <sentence id="769">
        <text>Jelly Fish with Sliced Pork ($10) was a great appetizer.</text>
        <opinions>
            <opinion polarity="positive" start="0" end="26" target="Jelly Fish with Sliced Pork"></opinion>
        </opinions>
    </sentence>
    <sentence id="771">
        <text>Banana with Shrimp ($3.80) is good while You Tiao ($3.80) is normal.</text>
        <opinions>
            <opinion polarity="positive" start="0" end="17" target="Banana with Shrimp"></opinion>
            <opinion polarity="neutral" start="41" end="48" target="You Tiao"></opinion>
        </opinions>
    </sentence>
    <sentence id="772">
        <text>Love the super fluffy Char Siew Pau ($3.00) with sweet pork feeling</text>
        <opinions>
            <opinion polarity="positive" start="22" end="34" target="Char Siew Pau"></opinion>
        </opinions>
    </sentence>
    <sentence id="773">
        <text>Egg Tart ($3.80) with flakey crust.</text>
        <opinions>
            <opinion polarity="positive" start="0" end="7" target="Egg Tart"></opinion>
        </opinions>
    </sentence>
    <sentence id="776">
        <text>Chicken Feet ($3.80) has a robust taste.</text>
        <opinions>
            <opinion polarity="positive" start="0" end="11" target="Chicken Feet"></opinion>
        </opinions>
    </sentence>
    <sentence id="778">
        <text>Pork Rib ($3.80) can be softer, although taste is great!</text>
        <opinions>
            <opinion polarity="positive" start="0" end="7" target="Pork Rib"></opinion>
        </opinions>
    </sentence>
    <sentence id="779">
        <text>Baked Char Siew Sou ($3.80)</text>
        <opinions>
            <opinion polarity="neutral" start="6" end="18" target="Char Siew Sou"></opinion>
        </opinions>
    </sentence>
    <sentence id="781">
        <text>Siew Mai ($3.80) is not great.</text>
        <opinions>
            <opinion polarity="negative" start="0" end="7" target="Siew Mai"></opinion>
        </opinions>
    </sentence>
    <sentence id="791">
        <text>For Dim Sum, especially egg tarts, are my children favourite dish.</text>
        <opinions>
            <opinion polarity="positive" start="24" end="32" target="egg tarts"></opinion>
        </opinions>
    </sentence>
    <sentence id="794">
        <text>Also serves other delightful items like the cold pork knuckle and deep fried shishamo.</text>
        <opinions>
            <opinion polarity="positive" start="49" end="60" target="pork knuckle"></opinion>
            <opinion polarity="positive" start="66" end="84" target="deep fried shishamo"></opinion>
        </opinions>
    </sentence>
    <sentence id="807">
        <text>One thing i liked is the mango sago with pomelo.</text>
        <opinions>
            <opinion polarity="positive" start="25" end="46" target="mango sago with pomelo"></opinion>
        </opinions>
    </sentence>
    <sentence id="809">
        <text>Anyone remembers the advertisement on the papers that highlights the American Duck dish that they are still serving?</text>
        <opinions>
            <opinion polarity="neutral" start="69" end="81" target="American Duck"></opinion>
        </opinions>
    </sentence>
    <sentence id="814">
        <text>Apart from that.. I tried to Yam Ring and HongKong Style fried noodles.</text>
        <opinions>
            <opinion polarity="neutral" start="29" end="36" target="Yam Ring"></opinion>
            <opinion polarity="neutral" start="42" end="69" target="HongKong Style fried noodles"></opinion>
        </opinions>
    </sentence>
    <sentence id="815">
        <text>Good stuffs, especially the Yam Ring that reminds me of the traditional Chinese style wedding dinners.</text>
        <opinions>
            <opinion polarity="positive" start="28" end="35" target="Yam Ring"></opinion>
        </opinions>
    </sentence>
    <sentence id="818">
        <text>Egg tarts are tasty and go well with Chinese tea.</text>
        <opinions>
            <opinion polarity="positive" start="0" end="8" target="Egg tarts"></opinion>
        </opinions>
    </sentence>
    <sentence id="826">
        <text>I'm surprised to see people recommend the egg tarts and chee cheong fan, because we thought they were just OK, but the fried prawn dumplings, carrot cake, fried bean curd skin and char siew sou were good.</text>
        <opinions>
            <opinion polarity="neutral" start="42" end="50" target="egg tarts"></opinion>
            <opinion polarity="neutral" start="56" end="70" target="chee cheong fan"></opinion>
            <opinion polarity="positive" start="119" end="139" target="fried prawn dumplings"></opinion>
            <opinion polarity="positive" start="142" end="152" target="carrot cake"></opinion>
            <opinion polarity="positive" start="155" end="174" target="fried bean curd skin"></opinion>
            <opinion polarity="positive" start="180" end="192" target="char siew sou"></opinion>
        </opinions>
    </sentence>
    <sentence id="832">
        <text>I say give the porridge a miss, can't compare to crystal jade.</text>
        <opinions>
            <opinion polarity="negative" start="15" end="22" target="porridge"></opinion>
        </opinions>
    </sentence>
    <sentence id="838">
        <text>The dim sum is so-so but my children love e egg tarts.</text>
        <opinions>
            <opinion polarity="positive" start="44" end="52" target="egg tarts"></opinion>
        </opinions>
    </sentence>
    <sentence id="841">
        <text>Taa-daa! ! Siew MaiWell well, Siew Mai seems to be a must-have item for Dim Sum, if it is the garge to judge a Dim sum restaurant s standard, Red Star definitely pass the test with flying colours.</text>
        <opinions>
            <opinion polarity="positive" start="11" end="18" target="Siew Mai"></opinion>
        </opinions>
    </sentence>
    <sentence id="842">
        <text>The Siew Mai is good, unlike the normal ones where eating one or two will makes you bloated, the one here are chewey, and after having two, another two shan t be much of a problem.</text>
        <opinions>
            <opinion polarity="positive" start="4" end="11" target="Siew Mai"></opinion>
        </opinions>
    </sentence>
    <sentence id="843">
        <text>Har GauHar Gau and Siew Mai always come togther don t they.</text>
        <opinions>
            <opinion polarity="neutral" start="19" end="26" target="Siew Mai"></opinion>
        </opinions>
    </sentence>
    <sentence id="844">
        <text>Har Gau Siew Mai. Thumbs up to the Har Gau here, a big prawn inside the skin of the Har Gau.</text>
        <opinions>
            <opinion polarity="neutral" start="8" end="15" target="Siew Mai"></opinion>
            <opinion polarity="positive" start="0" end="6" target="Har Gau"></opinion>
            <opinion polarity="positive" start="0" end="6" target="Har Gau"></opinion>
        </opinions>
    </sentence>
    <sentence id="851">
        <text>Fried You-tiao with mayoAmerican-roasted duck ($18) Undoubtly the Star of the show, the American-roasted duck (no idea why it is american roast) was crispy and tasty.</text>
        <opinions>
            <opinion polarity="neutral" start="0" end="13" target="Fried You-tiao"></opinion>
            <opinion polarity="positive" start="24" end="44" target="American-roasted duck"></opinion>
        </opinions>
    </sentence>
    <sentence id="853">
        <text>There is another version available, the Beijing-roasted duck.</text>
        <opinions>
            <opinion polarity="neutral" start="40" end="59" target="Beijing-roasted duck"></opinion>
        </opinions>
    </sentence>
    <sentence id="854">
        <text>From what i gathered about Red Star s duck, the American-roasted duck is crispier but fatter, while the Beijing s version is leaner but not as crispy.</text>
        <opinions>
            <opinion polarity="positive" start="48" end="68" target="American-roasted duck"></opinion>
        </opinions>
    </sentence>
    <sentence id="856">
        <text>At the same price, we coould even get a better whole roasted duck.</text>
        <opinions>
            <opinion polarity="negative" start="53" end="64" target="roasted duck"></opinion>
        </opinions>
    </sentence>
    <sentence id="870">
        <text>We ordered the usual dim sum favs - har gow, siew mai, chu cheong fan, phoenix claws, spring rolls.</text>
        <opinions>
            <opinion polarity="neutral" start="36" end="42" target="har gow"></opinion>
            <opinion polarity="neutral" start="45" end="52" target="siew mai"></opinion>
            <opinion polarity="neutral" start="55" end="68" target="chu cheong fan"></opinion>
            <opinion polarity="neutral" start="71" end="83" target="phoenix claws"></opinion>
            <opinion polarity="neutral" start="86" end="97" target="spring rolls"></opinion>
        </opinions>
    </sentence>
    <sentence id="871">
        <text>I must say that I was disappointed with the har gow.</text>
        <opinions>
            <opinion polarity="negative" start="44" end="50" target="har gow"></opinion>
        </opinions>
    </sentence>
    <sentence id="872">
        <text>The skin of the har gow was too thick and broke easily!</text>
        <opinions>
            <opinion polarity="negative" start="16" end="22" target="har gow"></opinion>
        </opinions>
    </sentence>
    <sentence id="873">
        <text>The chu cheong fan skin was also too thick for my liking.</text>
        <opinions>
            <opinion polarity="negative" start="4" end="17" target="chu cheong fan"></opinion>
        </opinions>
    </sentence>
    <sentence id="874">
        <text>We also ordered the jelly fish with roasted pig skin.</text>
        <opinions>
            <opinion polarity="neutral" start="20" end="51" target="jelly fish with roasted pig skin"></opinion>
        </opinions>
    </sentence>
    <sentence id="876">
        <text>But it costs 18 dollars for the small plate of roasted pig skin.</text>
        <opinions>
            <opinion polarity="neutral" start="47" end="62" target="roasted pig skin"></opinion>
        </opinions>
    </sentence>
    <sentence id="878">
        <text>I decided to order 2 xiao long bao and it was a big mistake!</text>
        <opinions>
            <opinion polarity="negative" start="21" end="33" target="xiao long bao"></opinion>
        </opinions>
    </sentence>
    <sentence id="880">
        <text>The spring roll reeked of oil smell (if you know what I mean!)</text>
        <opinions>
            <opinion polarity="negative" start="4" end="14" target="spring roll"></opinion>
        </opinions>
    </sentence>
    <sentence id="881">
        <text>The saving grace was the phoenix claws whhich was done very well, it literally melted in your mouth.</text>
        <opinions>
            <opinion polarity="positive" start="25" end="37" target="phoenix claws"></opinion>
        </opinions>
    </sentence>
    <sentence id="882">
        <text>The banana-prawn fritters was just as yummy as well.</text>
        <opinions>
            <opinion polarity="positive" start="4" end="24" target="banana-prawn fritters"></opinion>
        </opinions>
    </sentence>
    <sentence id="883">
        <text>After the meal, we ordered the black sesame dessert, as well as Gui Lin Gao.</text>
        <opinions>
            <opinion polarity="neutral" start="31" end="50" target="black sesame dessert"></opinion>
            <opinion polarity="neutral" start="64" end="74" target="Gui Lin Gao"></opinion>
        </opinions>
    </sentence>
    <sentence id="885">
        <text>All in all, we ordered 13 big dim sum, 1 Roasted Pig Skin, 1 vege, 3 dim sums and abt 4 small dim sums.</text>
        <opinions>
            <opinion polarity="neutral" start="41" end="56" target="Roasted Pig Skin"></opinion>
        </opinions>
    </sentence>
    <sentence id="890">
        <text>I had a very good first outing there, and as I was on my way there today, I had images of fluffy char siew bao, steaming har gao and thick gooey porridge floating around in my head... I was strangely disappointed.</text>
        <opinions>
            <opinion polarity="negative" start="97" end="109" target="char siew bao"></opinion>
            <opinion polarity="negative" start="121" end="127" target="har gao"></opinion>
            <opinion polarity="negative" start="145" end="152" target="porridge"></opinion>
        </opinions>
    </sentence>
    <sentence id="891">
        <text>We started off with a suckling pig, jellyfish and roast duck platter.</text>
        <opinions>
            <opinion polarity="neutral" start="22" end="33" target="suckling pig"></opinion>
            <opinion polarity="neutral" start="36" end="44" target="jellyfish"></opinion>
            <opinion polarity="neutral" start="50" end="59" target="roast duck"></opinion>
        </opinions>
    </sentence>
    <sentence id="893">
        <text>Decided to go for the steamed carrot cake, to warm up - thought we could count on that.</text>
        <opinions>
            <opinion polarity="negative" start="30" end="40" target="carrot cake"></opinion>
        </opinions>
    </sentence>
    <sentence id="895">
        <text>The har gao was really hot and the prawns inside were crunchy, but otherwise unmemorable.</text>
        <opinions>
            <opinion polarity="positive" start="4" end="10" target="har gao"></opinion>
        </opinions>
    </sentence>
    <sentence id="898">
        <text>What redeemed the meal some were 3 items: 1) the salad you tiao, 2) stewed yam and pork, and 3) chrysanthemum tea.</text>
        <opinions>
            <opinion polarity="positive" start="49" end="62" target="salad you tiao"></opinion>
            <opinion polarity="positive" start="68" end="86" target="stewed yam and pork"></opinion>
        </opinions>
    </sentence>
    <sentence id="899">
        <text>The you tiao today was done well, and since we had a variety of sauces at our tables, we experimented with each one of them.</text>
        <opinions>
            <opinion polarity="positive" start="4" end="11" target="you tiao"></opinion>
        </opinions>
    </sentence>
    <sentence id="900">
        <text>I felt the salad you tiao went best with a sweet plum sauce that came with another dish.</text>
        <opinions>
            <opinion polarity="positive" start="11" end="24" target="salad you tiao"></opinion>
        </opinions>
    </sentence>
    <sentence id="901">
        <text>The stewed yam and pork was very tasty, and the yam was of a melt in your mouth quality.</text>
        <opinions>
            <opinion polarity="positive" start="4" end="22" target="stewed yam and pork"></opinion>
        </opinions>
    </sentence>
    <sentence id="909">
        <text>The food is good in particular the egg tarts.</text>
        <opinions>
            <opinion polarity="positive" start="35" end="43" target="egg tarts"></opinion>
        </opinions>
    </sentence>
    <sentence id="910">
        <text>The fried hor fun is very good (enough wok hei to bring out the favour).</text>
        <opinions>
            <opinion polarity="positive" start="4" end="16" target="fried hor fun"></opinion>
        </opinions>
    </sentence>
    <sentence id="911">
        <text>The century egg porridge is good too.</text>
        <opinions>
            <opinion polarity="positive" start="4" end="23" target="century egg porridge"></opinion>
        </opinions>
    </sentence>
    <sentence id="915">
        <text>All your favourite traditional cantonese can be found with local favourites as well (eg. fried sotong balls in salad cream, etc).</text>
        <opinions>
            <opinion polarity="neutral" start="89" end="121" target="fried sotong balls in salad cream"></opinion>
        </opinions>
    </sentence>
    <sentence id="917">
        <text>The best are the egg tarts.</text>
        <opinions>
            <opinion polarity="positive" start="17" end="25" target="egg tarts"></opinion>
        </opinions>
    </sentence>
    <sentence id="918">
        <text>The most value for $are the big paus and the least value for $are the.</text>
        <opinions>
            <opinion polarity="positive" start="28" end="35" target="big paus"></opinion>
        </opinions>
    </sentence>
    <sentence id="927">
        <text>anyway we started off with some pan fried carrot cake, char siew bao, har gow and siew mai.</text>
        <opinions>
            <opinion polarity="neutral" start="42" end="52" target="carrot cake"></opinion>
            <opinion polarity="neutral" start="55" end="67" target="char siew bao"></opinion>
            <opinion polarity="neutral" start="70" end="76" target="har gow"></opinion>
            <opinion polarity="neutral" start="82" end="89" target="siew mai"></opinion>
        </opinions>
    </sentence>
    <sentence id="928">
        <text>the carrot cake and har gow were ok, siew mai had really fresh prawns so it tasted very good.</text>
        <opinions>
            <opinion polarity="neutral" start="4" end="14" target="carrot cake"></opinion>
            <opinion polarity="neutral" start="20" end="26" target="har gow"></opinion>
            <opinion polarity="positive" start="37" end="44" target="siew mai"></opinion>
        </opinions>
    </sentence>
    <sentence id="930">
        <text>particularly enjoyed the bao, even though i dont usually eat char siew bao at all.</text>
        <opinions>
            <opinion polarity="positive" start="61" end="73" target="char siew bao"></opinion>
        </opinions>
    </sentence>
    <sentence id="933">
        <text>must try is the chee cheong fun, tried the prawn and char siew ones, both were very soft and smooth.</text>
        <opinions>
            <opinion polarity="positive" start="16" end="30" target="chee cheong fun"></opinion>
        </opinions>
    </sentence>
    <sentence id="934">
        <text>century porridge was smooth enough, but not special enough to make an impression.</text>
        <opinions>
            <opinion polarity="positive" start="0" end="15" target="century porridge"></opinion>
        </opinions>
    </sentence>
    <sentence id="935">
        <text>ended off with char siew puff and egg tarts.</text>
        <opinions>
            <opinion polarity="neutral" start="15" end="28" target="char siew puff"></opinion>
            <opinion polarity="neutral" start="34" end="42" target="egg tarts"></opinion>
        </opinions>
    </sentence>
    <sentence id="936">
        <text>egg tarts were a bit too sweet, but the crisp and buttery crust made up for it! :D</text>
        <opinions>
            <opinion polarity="positive" start="0" end="8" target="egg tarts"></opinion>
        </opinions>
    </sentence>
    <sentence id="961">
        <text>Lotus leaf, char siew baos, xiao long baos, dessert, the lot.</text>
        <opinions>
            <opinion polarity="neutral" start="12" end="25" target="char siew baos"></opinion>
            <opinion polarity="neutral" start="28" end="41" target="xiao long baos"></opinion>
        </opinions>
    </sentence>
    <sentence id="974">
        <text>There were 10 of us and we ordered roast duck (American style), oyster omelette, fish cooked in 2 ways, sweet and sour pork, beancurd with sea cucumber and stir fry kailan.</text>
        <opinions>
            <opinion polarity="neutral" start="35" end="44" target="roast duck"></opinion>
            <opinion polarity="neutral" start="64" end="78" target="oyster omelette"></opinion>
            <opinion polarity="neutral" start="81" end="101" target="fish cooked in 2 ways"></opinion>
            <opinion polarity="neutral" start="104" end="122" target="sweet and sour pork"></opinion>
            <opinion polarity="neutral" start="125" end="150" target="beancurd with sea cucumber"></opinion>
            <opinion polarity="neutral" start="156" end="170" target="stir fry kailan"></opinion>
        </opinions>
    </sentence>
    <sentence id="980">
        <text>One thing worth mentioning is the fish cooked in 2 ways.</text>
        <opinions>
            <opinion polarity="positive" start="34" end="54" target="fish cooked in 2 ways"></opinion>
        </opinions>
    </sentence>
    <sentence id="983">
        <text>The remaining fish head with some meat left is normally used to boil soup but we ordered fried bee hoon instead and it was rather filling.</text>
        <opinions>
            <opinion polarity="positive" start="89" end="102" target="fried bee hoon"></opinion>
        </opinions>
    </sentence>
    <sentence id="984">
        <text>the fried bee hoon is a bit oily but it tastes good.</text>
        <opinions>
            <opinion polarity="positive" start="4" end="17" target="fried bee hoon"></opinion>
        </opinions>
    </sentence>
    <sentence id="985">
        <text>Sweet and sour pork is nicely done!</text>
        <opinions>
            <opinion polarity="positive" start="0" end="18" target="Sweet and sour pork"></opinion>
        </opinions>
    </sentence>
    <sentence id="992">
        <text>Beancurd with sea cucumber was quite ok.</text>
        <opinions>
            <opinion polarity="positive" start="0" end="25" target="Beancurd with sea cucumber"></opinion>
        </opinions>
    </sentence>
    <sentence id="995">
        <text>The oyster omelette is rather different from the one we eat at hawker centre.</text>
        <opinions>
            <opinion polarity="neutral" start="4" end="18" target="oyster omelette"></opinion>
        </opinions>
    </sentence>
    <sentence id="998">
        <text>Stir fry kailan is pretty standard.</text>
        <opinions>
            <opinion polarity="neutral" start="0" end="14" target="Stir fry kailan"></opinion>
        </opinions>
    </sentence>
    <sentence id="1006">
        <text>Like their beef stomach soup and HK style porridge ~ also like their Siew mai :)</text>
        <opinions>
            <opinion polarity="positive" start="11" end="27" target="beef stomach soup"></opinion>
            <opinion polarity="positive" start="33" end="49" target="HK style porridge"></opinion>
            <opinion polarity="positive" start="69" end="76" target="Siew mai"></opinion>
        </opinions>
    </sentence>
    <sentence id="1017">
        <text>And from the push carts, we ordered: - 1) Ha-kau (), $42) Siew-mai (), $43) Fried prawn dumpling (), $44) Chicken feet (), $4Due to the (silly) 3000 characters limit, continue to read my review on other dishes here :P</text>
        <opinions>
            <opinion polarity="neutral" start="42" end="47" target="Ha-kau"></opinion>
            <opinion polarity="neutral" start="58" end="65" target="Siew-mai"></opinion>
            <opinion polarity="neutral" start="76" end="95" target="Fried prawn dumpling"></opinion>
            <opinion polarity="neutral" start="106" end="117" target="Chicken feet"></opinion>
        </opinions>
    </sentence>
    <sentence id="1018">
        <text>ART 211) Durian roll (), $4.20</text>
        <opinions>
            <opinion polarity="neutral" start="9" end="19" target="Durian roll"></opinion>
        </opinions>
    </sentence>
    <sentence id="1025">
        <text>12) Honey dew with seigo (), $4.2013) Logan almond beancurd (), $4.20 I won t say the food was fantastic.</text>
        <opinions>
            <opinion polarity="neutral" start="4" end="23" target="Honey dew with seigo"></opinion>
            <opinion polarity="neutral" start="38" end="58" target="Logan almond beancurd"></opinion>
        </opinions>
    </sentence>
    <sentence id="1027">
        <text>Like the egg tarts, jin long ji () and durian roll.</text>
        <opinions>
            <opinion polarity="positive" start="9" end="17" target="egg tarts"></opinion>
            <opinion polarity="positive" start="39" end="49" target="durian roll"></opinion>
        </opinions>
    </sentence>
    <sentence id="1054">
        <text>The Char Siew So (bbq pork puff) is terrible.</text>
        <opinions>
            <opinion polarity="negative" start="4" end="15" target="Char Siew So"></opinion>
        </opinions>
    </sentence>
    <sentence id="1055">
        <text>Har Kwau (Shrimp Dumpling) is as bad as some reviewers have commented.</text>
        <opinions>
            <opinion polarity="negative" start="0" end="7" target="Har Kwau"></opinion>
        </opinions>
    </sentence>
    <sentence id="1057">
        <text>The compulsory tea and pickle is just so so and still charge $3.5 It is the first time seeing salty chicken in paper wrap being served in dim sum place.</text>
        <opinions>
            <opinion polarity="neutral" start="94" end="120" target="salty chicken in paper wrap"></opinion>
        </opinions>
    </sentence>
    <sentence id="1069">
        <text>The 7 of us can eat quite alot early in the morning as far as I can recall because we had 4 bowls of porridge, 2 baskets of har gaw, 3 baskets of siew mai, 1 basket of lotus leaf rice, 1 plate of fried salad you tiao, 2 plates of chee cheong fun, 2 baskets of char siew bun, 1 plate of roast pork with jelly fish (I only ate the Jelly fish), 1 plate of egg tarts, 1 plate of you cai, 1 plate of shrimp dumpling, 1 plate of fried wanton &amp; dessert for all which include mango pudding, honeydew sago, almond tofu with longan.</text>
        <opinions>
            <opinion polarity="neutral" start="101" end="108" target="porridge"></opinion>
            <opinion polarity="neutral" start="124" end="130" target="har gaw"></opinion>
            <opinion polarity="neutral" start="146" end="153" target="siew mai"></opinion>
            <opinion polarity="neutral" start="168" end="182" target="lotus leaf rice"></opinion>
            <opinion polarity="neutral" start="196" end="215" target="fried salad you tiao"></opinion>
            <opinion polarity="neutral" start="230" end="244" target="chee cheong fun"></opinion>
            <opinion polarity="neutral" start="260" end="272" target="char siew bun"></opinion>
            <opinion polarity="neutral" start="286" end="311" target="roast pork with jelly fish"></opinion>
            <opinion polarity="neutral" start="353" end="361" target="egg tarts"></opinion>
            <opinion polarity="neutral" start="375" end="381" target="you cai"></opinion>
            <opinion polarity="neutral" start="395" end="409" target="shrimp dumpling"></opinion>
            <opinion polarity="neutral" start="423" end="434" target="fried wanton"></opinion>
            <opinion polarity="neutral" start="468" end="480" target="mango pudding"></opinion>
            <opinion polarity="neutral" start="483" end="495" target="honeydew sago"></opinion>
            <opinion polarity="neutral" start="498" end="520" target="almond tofu with longan"></opinion>
        </opinions>
    </sentence>
    <sentence id="1072">
        <text>The siew mai &amp; har gaw is my all time favourite, but the you cai (green vegetable) &amp; chee cheong fun got the thumbs up too.</text>
        <opinions>
            <opinion polarity="positive" start="4" end="11" target="siew mai"></opinion>
            <opinion polarity="positive" start="15" end="21" target="har gaw"></opinion>
            <opinion polarity="positive" start="57" end="63" target="you cai"></opinion>
            <opinion polarity="positive" start="85" end="99" target="chee cheong fun"></opinion>
        </opinions>
    </sentence>
    <sentence id="1073">
        <text>Out of the 2 deep fried sinfulicious shrimp dumpling &amp; wanton... the award goes toooooo... shrimp dumpling.. full &amp; generous filling enough to make you want just that little extra piece even thou'it's not supposed to be in my diet plan.</text>
        <opinions>
            <opinion polarity="positive" start="37" end="51" target="shrimp dumpling"></opinion>
            <opinion polarity="positive" start="55" end="60" target="wanton"></opinion>
            <opinion polarity="positive" start="37" end="51" target="shrimp dumpling"></opinion>
        </opinions>
    </sentence>
    <sentence id="1078">
        <text>The honeydew sago was so so but the healtiest of all cos it does not contain coconut.</text>
        <opinions>
            <opinion polarity="positive" start="4" end="16" target="honeydew sago"></opinion>
        </opinions>
    </sentence>
    <sentence id="1079">
        <text>I had almond tofu with longan.</text>
        <opinions>
            <opinion polarity="neutral" start="6" end="28" target="almond tofu with longan"></opinion>
        </opinions>
    </sentence>
    <sentence id="1087">
        <text>My father ordered a delicious beef dish with veggies and ginger, it arrived sizzling on a hot plate.</text>
        <opinions>
            <opinion polarity="positive" start="30" end="62" target="beef dish with veggies and ginger"></opinion>
        </opinions>
    </sentence>
    <sentence id="1088">
        <text>The taste was wonderful and the meat very tender, and it went very well with the shrimp fried rice we ordered.</text>
        <opinions>
            <opinion polarity="positive" start="81" end="97" target="shrimp fried rice"></opinion>
        </opinions>
    </sentence>
    <sentence id="1089">
        <text>I, on the other hand, ordered the chicken with potatoes, which was probably a mistake.</text>
        <opinions>
            <opinion polarity="negative" start="34" end="54" target="chicken with potatoes"></opinion>
        </opinions>
    </sentence>
    <sentence id="1123">
        <text>We had recommended - porridge (only one type), egg tarts, carrot cake, chee cheong fun with prawn, so-so - fried prawn ball w sugarcane stick, siew mai, almond jelly w longan for dessert.</text>
        <opinions>
            <opinion polarity="positive" start="21" end="28" target="porridge"></opinion>
            <opinion polarity="positive" start="47" end="55" target="egg tarts"></opinion>
            <opinion polarity="positive" start="58" end="68" target="carrot cake"></opinion>
            <opinion polarity="positive" start="71" end="85" target="chee cheong fun"></opinion>
            <opinion polarity="neutral" start="107" end="140" target="fried prawn ball w sugarcane stick"></opinion>
            <opinion polarity="neutral" start="143" end="150" target="siew mai"></opinion>
            <opinion polarity="neutral" start="153" end="173" target="almond jelly w longan"></opinion>
        </opinions>
    </sentence>
    <sentence id="1124">
        <text>Oh.. a plate of roasted duck for 2 pax is $10, the auntie who served this will issue a separate bill for this, abit too oily and slightly tough.</text>
        <opinions>
            <opinion polarity="negative" start="16" end="27" target="roasted duck"></opinion>
        </opinions>
    </sentence>
    <sentence id="1126">
        <text>It's a pity I didn't have the chance to try their xiao long bao, char siew bao and paper chicken.</text>
        <opinions>
            <opinion polarity="neutral" start="50" end="62" target="xiao long bao"></opinion>
            <opinion polarity="neutral" start="65" end="77" target="char siew bao"></opinion>
            <opinion polarity="neutral" start="83" end="95" target="paper chicken"></opinion>
        </opinions>
    </sentence>
    <sentence id="1130">
        <text>Of course if not for the roasted duck, it'll be cheaper.</text>
        <opinions>
            <opinion polarity="neutral" start="25" end="36" target="roasted duck"></opinion>
        </opinions>
    </sentence>
    <sentence id="1141">
        <text>The dim sum is served in traditional style, must-try includes the egg tart!</text>
        <opinions>
            <opinion polarity="positive" start="66" end="73" target="egg tart"></opinion>
        </opinions>
    </sentence>
    <sentence id="1153">
        <text>I like their Egg tart and Dim Sim's.</text>
        <opinions>
            <opinion polarity="positive" start="13" end="20" target="Egg tart"></opinion>
        </opinions>
    </sentence>
    <sentence id="1168">
        <text>The first dish we had was the Char Siew Sou (minced meat puff pastry), a buttery, fluffy pastry filled with sweet red pork minced meat.</text>
        <opinions>
            <opinion polarity="positive" start="30" end="42" target="Char Siew Sou"></opinion>
        </opinions>
    </sentence>
    <sentence id="1170">
        <text>Their famous Egg Tart - baked fresh so it was piping hot from the oven, filled with eggy, fragrant, soft custard atop a soft, tart-like pastry crust.</text>
        <opinions>
            <opinion polarity="positive" start="13" end="20" target="Egg Tart"></opinion>
        </opinions>
    </sentence>
    <sentence id="1171">
        <text>Then we had the Har Gow (shrimp dumplings) - delicious, fresh and juicy shrimps wrapped in paperthin skins and steamed to perfection.</text>
        <opinions>
            <opinion polarity="positive" start="16" end="22" target="Har Gow"></opinion>
            <opinion polarity="positive" start="25" end="40" target="shrimp dumplings"></opinion>
        </opinions>
    </sentence>
    <sentence id="1172">
        <text>And Braised Chicken Feet - tender chicken feet with almost crispy skin, braised in a salted-sweet sauce that was very lovely.</text>
        <opinions>
            <opinion polarity="positive" start="4" end="23" target="Braised Chicken Feet"></opinion>
            <opinion polarity="positive" start="34" end="45" target="chicken feet"></opinion>
        </opinions>
    </sentence>
    <sentence id="1173">
        <text>We also had the Xiao Long Baos (tiny steamed buns containing minced meat and hot soup) - a delicious squirt of soup into the mouth is always delightful.</text>
        <opinions>
            <opinion polarity="positive" start="16" end="29" target="Xiao Long Baos"></opinion>
        </opinions>
    </sentence>
    <sentence id="1174">
        <text>Next, the mini pieces of Pork Ribs - softly cooked in a sumptuous gravy.</text>
        <opinions>
            <opinion polarity="positive" start="25" end="33" target="Pork Ribs"></opinion>
        </opinions>
    </sentence>
    <sentence id="1210">
        <text>The only one thing that really stands out is their durian pancake which was mentioned to be a hot seller.</text>
        <opinions>
            <opinion polarity="positive" start="51" end="64" target="durian pancake"></opinion>
        </opinions>
    </sentence>
    <sentence id="1212">
        <text>I love the durian pancake.</text>
        <opinions>
            <opinion polarity="positive" start="11" end="24" target="durian pancake"></opinion>
        </opinions>
    </sentence>
    <sentence id="1213">
        <text>Among all the dim sum, i find the chicken (forget what its called) to be hard and their mango pudding taste rather bland despite their generous amount of sour mangoes = x.</text>
        <opinions>
            <opinion polarity="negative" start="88" end="100" target="mango pudding"></opinion>
        </opinions>
    </sentence>
    <sentence id="1224">
        <text>Our mango puddings were served with little milk.</text>
        <opinions>
            <opinion polarity="negative" start="4" end="17" target="mango puddings"></opinion>
        </opinions>
    </sentence>
    <sentence id="1265">
        <text>The har gao / steam prawn dumpling's skin is a little too thick and the fried wonton is too oily.</text>
        <opinions>
            <opinion polarity="negative" start="4" end="10" target="har gao"></opinion>
            <opinion polarity="negative" start="14" end="35" target="steam prawn dumpling's"></opinion>
            <opinion polarity="negative" start="72" end="83" target="fried wonton"></opinion>
        </opinions>
    </sentence>
    <sentence id="1266">
        <text>Had the porridge that was recommended to me from others but nothing to boast about.</text>
        <opinions>
            <opinion polarity="neutral" start="8" end="15" target="porridge"></opinion>
        </opinions>
    </sentence>
    <sentence id="1269">
        <text>I always order their yummy char siew baos and any other new dishes of the day when eating with my family.</text>
        <opinions>
            <opinion polarity="positive" start="27" end="40" target="char siew baos"></opinion>
        </opinions>
    </sentence>
    <sentence id="1282">
        <text>The har gow (shrimp dumpling) and siew mai were really tasty.</text>
        <opinions>
            <opinion polarity="positive" start="4" end="10" target="har gow"></opinion>
            <opinion polarity="positive" start="13" end="27" target="shrimp dumpling"></opinion>
            <opinion polarity="positive" start="34" end="41" target="siew mai"></opinion>
        </opinions>
    </sentence>
    <sentence id="1284">
        <text>The siew mai were well-seasoned and each bite was more wonderful than the last.</text>
        <opinions>
            <opinion polarity="positive" start="4" end="11" target="siew mai"></opinion>
        </opinions>
    </sentence>
    <sentence id="1285">
        <text>The fried yam pastries were also delicious.</text>
        <opinions>
            <opinion polarity="positive" start="4" end="21" target="fried yam pastries"></opinion>
        </opinions>
    </sentence>
    <sentence id="1287">
        <text>The carrot cake is also a plus, since i really tasted the thin silvers of radish present in the cake.</text>
        <opinions>
            <opinion polarity="positive" start="4" end="14" target="carrot cake"></opinion>
        </opinions>
    </sentence>
    <sentence id="1288">
        <text>I did not order any other fried stuff even though the deep fried salad prawns looked delectable.</text>
        <opinions>
            <opinion polarity="positive" start="54" end="76" target="deep fried salad prawns"></opinion>
        </opinions>
    </sentence>
    <sentence id="1289">
        <text>The chee cheong fun is also a must try, i love the chunky bits of char siew in them and of course the prawn version was delicious too!</text>
        <opinions>
            <opinion polarity="positive" start="4" end="18" target="chee cheong fun"></opinion>
        </opinions>
    </sentence>
    <sentence id="1291">
        <text>Finally, we also ordered the char siew bao, xiao long bao and roast duck drumstick.</text>
        <opinions>
            <opinion polarity="neutral" start="29" end="41" target="char siew bao"></opinion>
            <opinion polarity="neutral" start="44" end="56" target="xiao long bao"></opinion>
            <opinion polarity="neutral" start="62" end="81" target="roast duck drumstick"></opinion>
        </opinions>
    </sentence>
    <sentence id="1292">
        <text>The char siew bao is average, did not wow me at all..</text>
        <opinions>
            <opinion polarity="neutral" start="4" end="16" target="char siew bao"></opinion>
        </opinions>
    </sentence>
    <sentence id="1293">
        <text>Xiao long bao's meat filing was seasoned excellently, unfortunately i prefer my xiao long bao to be soupy, which these were not.</text>
        <opinions>
            <opinion polarity="negative" start="0" end="14" target="Xiao long bao's"></opinion>
            <opinion polarity="negative" start="80" end="92" target="xiao long bao"></opinion>
        </opinions>
    </sentence>
    <sentence id="1294">
        <text>The roast duck drumstick was chopped into several pieces and tasted quite normal though the crispy skin is a plus.</text>
        <opinions>
            <opinion polarity="positive" start="4" end="23" target="roast duck drumstick"></opinion>
        </opinions>
    </sentence>
    <sentence id="1302">
        <text>The fried mee sua is something you have to try, followed on by the usual dim sum items like siew mai and har gao.</text>
        <opinions>
            <opinion polarity="positive" start="4" end="16" target="fried mee sua"></opinion>
            <opinion polarity="positive" start="92" end="99" target="siew mai"></opinion>
            <opinion polarity="positive" start="105" end="111" target="har gao"></opinion>
        </opinions>
    </sentence>
    <sentence id="1321">
        <text>I love the 'har-kao', 'siew-mai', 'phoenix claws' and definitely their century egg porridge. Yummy! !</text>
        <opinions>
            <opinion polarity="positive" start="12" end="18" target="har-kao"></opinion>
            <opinion polarity="positive" start="23" end="30" target="siew-mai"></opinion>
            <opinion polarity="positive" start="35" end="47" target="phoenix claws"></opinion>
            <opinion polarity="positive" start="71" end="90" target="century egg porridge"></opinion>
        </opinions>
    </sentence>
</sentences>