<?xml version="1.0" encoding="UTF-8" standalone="yes"?>
<sentences>
    <sentence id="3">
        <text>We ordered several dishes and the only that were acceptable were the malay cake and carrot cake.</text>
        <opinions>
            <opinion polarity="neutral" start="69" end="78" target="malay cake"></opinion>
            <opinion polarity="neutral" start="84" end="94" target="carrot cake"></opinion>
        </opinions>
    </sentence>
    <sentence id="5">
        <text>tasteless porridge, tough char siew in the chee cheong fun..</text>
        <opinions>
            <opinion polarity="negative" start="43" end="57" target="chee cheong fun"></opinion>
        </opinions>
    </sentence>
    <sentence id="11">
        <text>case you don't know, they have 4 must-tries: the Baked Pork Bun, the layer sponge cake, the vermicilli roll with pig's liver and the Pan-fried carrot cake.</text>
        <opinions>
            <opinion polarity="positive" start="49" end="62" target="Baked Pork Bun"></opinion>
            <opinion polarity="positive" start="69" end="85" target="layer sponge cake"></opinion>
            <opinion polarity="positive" start="92" end="123" target="vermicilli roll with pig's liver"></opinion>
            <opinion polarity="positive" start="133" end="153" target="Pan-fried carrot cake"></opinion>
        </opinions>
    </sentence>
    <sentence id="13">
        <text>Firstly, the real treasure of the shop: the pork bun.</text>
        <opinions>
            <opinion polarity="positive" start="44" end="51" target="pork bun"></opinion>
        </opinions>
    </sentence>
    <sentence id="19">
        <text>The pan fried carrot cake was nice as well!</text>
        <opinions>
            <opinion polarity="positive" start="4" end="24" target="pan fried carrot cake"></opinion>
        </opinions>
    </sentence>
    <sentence id="22">
        <text>Steamed Pork Ribs with Black Beans.</text>
        <opinions>
            <opinion polarity="neutral" start="0" end="33" target="Steamed Pork Ribs with Black Beans"></opinion>
        </opinions>
    </sentence>
    <sentence id="25">
        <text>onic Medlar and Osmanthus Cake.</text>
        <opinions>
            <opinion polarity="neutral" start="16" end="29" target="Osmanthus Cake"></opinion>
        </opinions>
    </sentence>
    <sentence id="38">
        <text>First off, their most famous dish, the Baked Bun with BBQ Pork (3 pcs $4.50) which made Tim Ho Wa famous!</text>
        <opinions>
            <opinion polarity="positive" start="39" end="61" target="Baked Bun with BBQ Pork"></opinion>
        </opinions>
    </sentence>
    <sentence id="44">
        <text>That's what I call a very very good Baked Bun with BBQ Pork.</text>
        <opinions>
            <opinion polarity="positive" start="36" end="58" target="Baked Bun with BBQ Pork"></opinion>
        </opinions>
    </sentence>
    <sentence id="54">
        <text>Here's the breakdown: - arrived at 1245 pm, waited until 1.10 to get seated but staff were polite and helpful from start to finish ; - ordered the baked BBQ pork bun, har kau, siu mai, char siu rice roll, won ton in laksa monthly special, pan fried carrot cake ; - the BBQ pork bun is a joke - so sweet it should be offered as a dessert ; - the won ton in laksa gravy wasn't much better.</text>
        <opinions>
            <opinion polarity="neutral" start="147" end="164" target="baked BBQ pork bun"></opinion>
            <opinion polarity="neutral" start="167" end="173" target="har kau"></opinion>
            <opinion polarity="neutral" start="176" end="182" target="siu mai"></opinion>
            <opinion polarity="neutral" start="185" end="202" target="char siu rice roll"></opinion>
            <opinion polarity="neutral" start="239" end="259" target="pan fried carrot cake"></opinion>
            <opinion polarity="negative" start="153" end="164" target="BBQ pork bun"></opinion>
        </opinions>
    </sentence>
    <sentence id="56">
        <text>The laksa broth tasted OK but, honestly, you want to try laksa why go to an imported dim sum outlet from HKG!!! - har kau tasted OK but the skin was too thick and chewy ; - carrot cake kind of OK, a little too soft (undercooked) for my taste ; you can find better at many local dim sum outlets ; - two best dishes were the siu mai - very light, flavourful, not oily and the char siu rice roll, nice thin skin, not too sweet, really very enjoyable ; - finally the chili sauce served here is way to sweet.</text>
        <opinions>
            <opinion polarity="negative" start="114" end="120" target="har kau"></opinion>
            <opinion polarity="neutral" start="173" end="183" target="carrot cake"></opinion>
            <opinion polarity="positive" start="323" end="329" target="siu mai"></opinion>
            <opinion polarity="positive" start="374" end="391" target="char siu rice roll"></opinion>
        </opinions>
    </sentence>
    <sentence id="67">
        <text>The famous pork buns we found were more sweet than savory.</text>
        <opinions>
            <opinion polarity="positive" start="11" end="19" target="pork buns"></opinion>
        </opinions>
    </sentence>
    <sentence id="69">
        <text>We ordered the prawn and char Siew Cheong fun and found the vermicelli roll too thick - where id the finesse??</text>
        <opinions>
            <opinion polarity="negative" start="25" end="44" target="char Siew Cheong fun"></opinion>
        </opinions>
    </sentence>
    <sentence id="73">
        <text>The Siew Mai and ha gao were fine.</text>
        <opinions>
            <opinion polarity="neutral" start="4" end="11" target="Siew Mai"></opinion>
            <opinion polarity="neutral" start="17" end="22" target="ha gao"></opinion>
        </opinions>
    </sentence>
    <sentence id="75">
        <text>The teochew spinach dumpling was c***.</text>
        <opinions>
            <opinion polarity="negative" start="4" end="27" target="teochew spinach dumpling"></opinion>
        </opinions>
    </sentence>
    <sentence id="77">
        <text>Only the steamed pork ribs were above average, but even then, only barely.</text>
        <opinions>
            <opinion polarity="positive" start="9" end="25" target="steamed pork ribs"></opinion>
        </opinions>
    </sentence>
    <sentence id="91">
        <text>Dont feel well + Mc D / KFC = recipe for disaster orz BBQ pork buns were crispy, sweet and soft all at the same time, love it!</text>
        <opinions>
            <opinion polarity="positive" start="54" end="66" target="BBQ pork buns"></opinion>
        </opinions>
    </sentence>
    <sentence id="92">
        <text>The har gow were juicy and tasty, likewise for the carrot cake and siew mai.</text>
        <opinions>
            <opinion polarity="positive" start="4" end="10" target="har gow"></opinion>
            <opinion polarity="positive" start="51" end="61" target="carrot cake"></opinion>
            <opinion polarity="positive" start="67" end="74" target="siew mai"></opinion>
        </opinions>
    </sentence>
    <sentence id="94">
        <text>However, while others are raving about the Big Four Heavenly King, my personal favourite would be the century egg porridge!</text>
        <opinions>
            <opinion polarity="positive" start="102" end="121" target="century egg porridge"></opinion>
        </opinions>
    </sentence>
    <sentence id="105">
        <text>Baked Bun with BBQ Pork (3pcs) $4.50 If I really have to mention that ONE dish that is a must-try, it has to go to their Baked Bun with BBQ Pork!</text>
        <opinions>
            <opinion polarity="positive" start="0" end="22" target="Baked Bun with BBQ Pork"></opinion>
            <opinion polarity="positive" start="0" end="22" target="Baked Bun with BBQ Pork"></opinion>
        </opinions>
    </sentence>
    <sentence id="111">
        <text>Vermicelli Roll with Pig's Liver (3 pcs) $5.50 The Pig's Liver Vermicelli Roll on the other hand faired better.</text>
        <opinions>
            <opinion polarity="positive" start="0" end="31" target="Vermicelli Roll with Pig's Liver"></opinion>
            <opinion polarity="positive" start="51" end="77" target="Pig's Liver Vermicelli Roll"></opinion>
        </opinions>
    </sentence>
    <sentence id="114">
        <text>If you're not a fan of pig's liver, you can try the Vermicelli Roll with BBQ Pork ($5.50) instead.</text>
        <opinions>
            <opinion polarity="neutral" start="52" end="80" target="Vermicelli Roll with BBQ Pork"></opinion>
        </opinions>
    </sentence>
    <sentence id="115">
        <text>Pork Dumpling with Shrimp (4pcs) $5.00 Pork Dumpling, or a name we are more familiar to - Siew Mai, has never ever appeal to me.</text>
        <opinions>
            <opinion polarity="negative" start="0" end="24" target="Pork Dumpling with Shrimp"></opinion>
            <opinion polarity="negative" start="90" end="97" target="Siew Mai"></opinion>
        </opinions>
    </sentence>
    <sentence id="120">
        <text>But for a person like me who has never liked siew mai, telling you that here at Tim Ho Wan, it was good, you probably wouldn't want to miss it.</text>
        <opinions>
            <opinion polarity="positive" start="45" end="52" target="siew mai"></opinion>
        </opinions>
    </sentence>
    <sentence id="121">
        <text>Pan Fried Carrot Cake (3pcs) $4.50 Another king dish of Tim Ho Wan is the Pan Friend Carrot Cake.</text>
        <opinions>
            <opinion polarity="positive" start="0" end="20" target="Pan Fried Carrot Cake"></opinion>
            <opinion polarity="positive" start="74" end="95" target="Pan Friend Carrot Cake"></opinion>
        </opinions>
    </sentence>
    <sentence id="122">
        <text>I'm pretty sure that Radish was used because there were prominent strands of radish all within the Fried Carrot Cake.</text>
        <opinions>
            <opinion polarity="neutral" start="99" end="115" target="Fried Carrot Cake"></opinion>
        </opinions>
    </sentence>
    <sentence id="124">
        <text>Prawn Dumpling (4pcs) $5.50 Though not under the king dishes, the Prawn Dumpling was amazingly good I promise!</text>
        <opinions>
            <opinion polarity="positive" start="0" end="13" target="Prawn Dumpling"></opinion>
            <opinion polarity="positive" start="0" end="13" target="Prawn Dumpling"></opinion>
        </opinions>
    </sentence>
    <sentence id="137">
        <text>Introducing the 'Big 4 Heavenly Kings' which first put the flagship store in Hong Kong on the map - the Steamed Egg Cake, Vermicelli Roll with Pig's Liver, Baked Bun with BBQ Pork and Pan-Fried Carrot Cake, are MUST ORDERS here as well.</text>
        <opinions>
            <opinion polarity="positive" start="104" end="119" target="Steamed Egg Cake"></opinion>
            <opinion polarity="positive" start="122" end="153" target="Vermicelli Roll with Pig's Liver"></opinion>
            <opinion polarity="positive" start="156" end="178" target="Baked Bun with BBQ Pork"></opinion>
            <opinion polarity="positive" start="184" end="204" target="Pan-Fried Carrot Cake"></opinion>
        </opinions>
    </sentence>
    <sentence id="138">
        <text>Delicate, moist and soft, this Steamed Egg Cake $3.80 was easily one of my favourites.</text>
        <opinions>
            <opinion polarity="positive" start="31" end="46" target="Steamed Egg Cake"></opinion>
        </opinions>
    </sentence>
    <sentence id="140">
        <text>The Pan-Fried Carrot Cake (3 pcs) $4.50 could not have fared better.</text>
        <opinions>
            <opinion polarity="positive" start="4" end="24" target="Pan-Fried Carrot Cake"></opinion>
        </opinions>
    </sentence>
    <sentence id="142">
        <text>For the slightly more adventurous, the Vermicelli Roll with Pig's Liver $5.50 is certainly worth a try.</text>
        <opinions>
            <opinion polarity="positive" start="39" end="70" target="Vermicelli Roll with Pig's Liver"></opinion>
        </opinions>
    </sentence>
    <sentence id="145">
        <text>The starlet of the day had to be the Baked Bun with BBQ Pork (3 pcs) $4.50.</text>
        <opinions>
            <opinion polarity="positive" start="37" end="59" target="Baked Bun with BBQ Pork"></opinion>
        </opinions>
    </sentence>
    <sentence id="169">
        <text>first round ordered char siew pao, vermicelli roll with prawn and vermicelli roll with pork liver and har gao.</text>
        <opinions>
            <opinion polarity="neutral" start="20" end="32" target="char siew pao"></opinion>
            <opinion polarity="neutral" start="35" end="60" target="vermicelli roll with prawn"></opinion>
            <opinion polarity="neutral" start="66" end="96" target="vermicelli roll with pork liver"></opinion>
            <opinion polarity="neutral" start="102" end="108" target="har gao"></opinion>
        </opinions>
    </sentence>
    <sentence id="170">
        <text>vermicelli roll with prawn cane first, was looking forward to some piping hot dim sum like those I had in hk but - COLD!</text>
        <opinions>
            <opinion polarity="negative" start="0" end="25" target="vermicelli roll with prawn"></opinion>
        </opinions>
    </sentence>
    <sentence id="172">
        <text>vermicelli roll with pig liver - COLD!</text>
        <opinions>
            <opinion polarity="negative" start="0" end="29" target="vermicelli roll with pig liver"></opinion>
        </opinions>
    </sentence>
    <sentence id="174">
        <text>chao siew pao was nice and hot.</text>
        <opinions>
            <opinion polarity="positive" start="0" end="12" target="chao siew pao"></opinion>
        </opinions>
    </sentence>
    <sentence id="176">
        <text>har gao nice and hot but taste not much better than other more respectable joints like imperial treasure which serves the same product, better service, same price point.</text>
        <opinions>
            <opinion polarity="positive" start="0" end="6" target="har gao"></opinion>
        </opinions>
    </sentence>
    <sentence id="191">
        <text>if you have yet to try their dim sum, you may try their all famous char siew bao.</text>
        <opinions>
            <opinion polarity="positive" start="67" end="79" target="char siew bao"></opinion>
        </opinions>
    </sentence>
    <sentence id="198">
        <text>order the malay cake...</text>
        <opinions>
            <opinion polarity="neutral" start="10" end="19" target="malay cake"></opinion>
        </opinions>
    </sentence>
    <sentence id="204">
        <text>very normaltheir signatures charsiew buns...</text>
        <opinions>
            <opinion polarity="neutral" start="28" end="40" target="charsiew buns"></opinion>
        </opinions>
    </sentence>
    <sentence id="207">
        <text>what i like is the fatty spare ribs or maybe the other food is bad enough to make this dish taste good Tim Ho Wan (THW) is a must destination for me everytime I visit Hong Kong.</text>
        <opinions>
            <opinion polarity="positive" start="25" end="34" target="spare ribs"></opinion>
        </opinions>
    </sentence>
    <sentence id="209">
        <text>I queued up at THW but as I was in a hurry, could only buy their famous baked char siew buns.</text>
        <opinions>
            <opinion polarity="positive" start="72" end="91" target="baked char siew buns"></opinion>
        </opinions>
    </sentence>
    <sentence id="214">
        <text>Food: I can only confirm that the Baked char siew buns are as good as the original ones, but the size is 2/3 that of the HK size.</text>
        <opinions>
            <opinion polarity="positive" start="34" end="53" target="Baked char siew buns"></opinion>
        </opinions>
    </sentence>
    <sentence id="220">
        <text>Most of us are here for the gorgeous 'Heavenly King' - Tim Ho Wan's baked bun with BBQ pork (char siew-filled bun ; 3 pieces for $4).</text>
        <opinions>
            <opinion polarity="positive" start="68" end="90" target="baked bun with BBQ pork"></opinion>
        </opinions>
    </sentence>
    <sentence id="221">
        <text>One of four signatures that chef Mak makes, the char siew bao's exterior is crusted with a sweet, slightly crunchy dough, like the sugar cookie dough laid on top of Hong Kong's famed bolo bao (pineapple bun)...</text>
        <opinions>
            <opinion polarity="positive" start="48" end="62" target="char siew bao's"></opinion>
        </opinions>
    </sentence>
    <sentence id="235">
        <text>* The Pan-Fried Carrot Cake, Chicken Feet, Siew Mai and Chee Cheong Fun are probably the worst that I've ever tried so far.</text>
        <opinions>
            <opinion polarity="negative" start="6" end="26" target="Pan-Fried Carrot Cake"></opinion>
            <opinion polarity="negative" start="29" end="40" target="Chicken Feet"></opinion>
            <opinion polarity="negative" start="43" end="50" target="Siew Mai"></opinion>
            <opinion polarity="negative" start="56" end="70" target="Chee Cheong Fun"></opinion>
        </opinions>
    </sentence>
    <sentence id="240">
        <text>BBQ Pork Buns ($4.50+ + for 3 pieces) - Warm and crispy on the inside, soft and steamy on the inside!</text>
        <opinions>
            <opinion polarity="positive" start="0" end="12" target="BBQ Pork Buns"></opinion>
        </opinions>
    </sentence>
    <sentence id="243">
        <text>Vermicelli Roll with Pig's Liver ($5.50+ +) - Basically Chee Cheong Fun with Pig's Liver.</text>
        <opinions>
            <opinion polarity="neutral" start="0" end="31" target="Vermicelli Roll with Pig's Liver"></opinion>
            <opinion polarity="neutral" start="56" end="87" target="Chee Cheong Fun with Pig's Liver"></opinion>
        </opinions>
    </sentence>
    <sentence id="245">
        <text>Vermicelli Roll with Shrimp ($5.50+ +) - much preferred option in my opinion, though relatively safe.</text>
        <opinions>
            <opinion polarity="positive" start="0" end="26" target="Vermicelli Roll with Shrimp"></opinion>
        </opinions>
    </sentence>
    <sentence id="248">
        <text>Pork Vermicelli Roll ($5.50+ +) - Char Siew Chee Cheong Fun lah!</text>
        <opinions>
            <opinion polarity="neutral" start="0" end="19" target="Pork Vermicelli Roll"></opinion>
            <opinion polarity="neutral" start="34" end="58" target="Char Siew Chee Cheong Fun"></opinion>
        </opinions>
    </sentence>
    <sentence id="250">
        <text>Carrot Cake ($4.50+ +) - found it pretty bland and, like a typical Singaporeans, ended up dousing it in chilli sauce.</text>
        <opinions>
            <opinion polarity="negative" start="0" end="10" target="Carrot Cake"></opinion>
        </opinions>
    </sentence>
    <sentence id="251">
        <text>Beancurd Skin Roll with Shrimp ($5.50+ +) - piping hot with a succulent prawn hiding in between the crispy thin beancurd skin.</text>
        <opinions>
            <opinion polarity="positive" start="0" end="29" target="Beancurd Skin Roll with Shrimp"></opinion>
        </opinions>
    </sentence>
    <sentence id="253">
        <text>Beef Balls with Beancurd Skin ($4.20+ +) - Interesting flavour with a hint of lemongrass, and not as meaty as you expect it to be.</text>
        <opinions>
            <opinion polarity="positive" start="0" end="28" target="Beef Balls with Beancurd Skin"></opinion>
        </opinions>
    </sentence>
    <sentence id="254">
        <text>Tonic Medlar &amp; Osmanthus Cake ($3.50+ +) - Looks super pretty in photos but tastes way to herby and sweet for me :(</text>
        <opinions>
            <opinion polarity="negative" start="0" end="28" target="Tonic Medlar &amp; Osmanthus Cake"></opinion>
        </opinions>
    </sentence>
    <sentence id="268">
        <text>Crispy chao Siew bun - excellent tasty and crispy (Must eat).</text>
        <opinions>
            <opinion polarity="positive" start="0" end="19" target="Crispy chao Siew bun"></opinion>
        </opinions>
    </sentence>
    <sentence id="270">
        <text>Carrot cake - fragrant taste.</text>
        <opinions>
            <opinion polarity="positive" start="0" end="10" target="Carrot cake"></opinion>
        </opinions>
    </sentence>
    <sentence id="272">
        <text>Sponge cake aka ma lai gao - taste excellent soft and nice.</text>
        <opinions>
            <opinion polarity="positive" start="0" end="10" target="Sponge cake"></opinion>
            <opinion polarity="positive" start="16" end="25" target="ma lai gao"></opinion>
        </opinions>
    </sentence>
    <sentence id="274">
        <text>Vermicell stick with pork liver - not as fantastic.</text>
        <opinions>
            <opinion polarity="negative" start="0" end="30" target="Vermicell stick with pork liver"></opinion>
        </opinions>
    </sentence>
    <sentence id="281">
        <text>The baked bun with BBQ pork was great but one person can only order a set of 3.</text>
        <opinions>
            <opinion polarity="positive" start="4" end="26" target="baked bun with BBQ pork"></opinion>
        </opinions>
    </sentence>
    <sentence id="284">
        <text>Would recommend baked bun with bbq pork, the salted egg and century egg porridge, teochew dumpling, steamed beancurd rolls with shrimp and pork and lastly shrimp dumpling.</text>
        <opinions>
            <opinion polarity="positive" start="16" end="38" target="baked bun with bbq pork"></opinion>
            <opinion polarity="positive" start="45" end="79" target="salted egg and century egg porridge"></opinion>
            <opinion polarity="positive" start="82" end="97" target="teochew dumpling"></opinion>
            <opinion polarity="positive" start="100" end="142" target="steamed beancurd rolls with shrimp and pork"></opinion>
            <opinion polarity="positive" start="155" end="169" target="shrimp dumpling"></opinion>
        </opinions>
    </sentence>
    <sentence id="295">
        <text>I ordered a variety of their dim sum items, incluiding the famous BBQ pork bun and the steamed egg cake.</text>
        <opinions>
            <opinion polarity="positive" start="66" end="77" target="BBQ pork bun"></opinion>
            <opinion polarity="neutral" start="87" end="102" target="steamed egg cake"></opinion>
        </opinions>
    </sentence>
    <sentence id="297">
        <text>The pork bun was so light and crunchy, and the filling was tasty too.</text>
        <opinions>
            <opinion polarity="positive" start="4" end="11" target="pork bun"></opinion>
        </opinions>
    </sentence>
    <sentence id="299">
        <text>Steamed egg cake had a lovely caramel taste, which I thought was good too.</text>
        <opinions>
            <opinion polarity="positive" start="0" end="15" target="Steamed egg cake"></opinion>
        </opinions>
    </sentence>
    <sentence id="300">
        <text>Other nice dishes include their har gow dumplings, siew mai and the prawn chee cheong fun.</text>
        <opinions>
            <opinion polarity="positive" start="32" end="38" target="har gow"></opinion>
            <opinion polarity="positive" start="51" end="58" target="siew mai"></opinion>
            <opinion polarity="positive" start="68" end="88" target="prawn chee cheong fun"></opinion>
        </opinions>
    </sentence>
    <sentence id="302">
        <text>One disappointment was the beef ball with bean curd skin though - didn't like the flavour of the herbs put inside there.</text>
        <opinions>
            <opinion polarity="negative" start="27" end="55" target="beef ball with bean curd skin"></opinion>
        </opinions>
    </sentence>
    <sentence id="313">
        <text>The Baked Bun with BBQ Pork ($4.50) is simply sui generis.</text>
        <opinions>
            <opinion polarity="positive" start="4" end="26" target="Baked Bun with BBQ Pork"></opinion>
        </opinions>
    </sentence>
    <sentence id="322">
        <text>Read: It's stated in the Business Description that Queues are long, but there is an SMS waiting system in place, and a takeaway counter for those who just want a char siew bao to go.</text>
        <opinions>
            <opinion polarity="neutral" start="162" end="174" target="char siew bao"></opinion>
        </opinions>
    </sentence>
    <sentence id="327">
        <text>Not only are the prices very marked up ($5.50 for 4 har gaos and $5 for 4 siew mais, not including 10 % service charge and 7 % GST), the service is poor, to say the least.</text>
        <opinions>
            <opinion polarity="negative" start="52" end="59" target="har gaos"></opinion>
            <opinion polarity="negative" start="74" end="82" target="siew mais"></opinion>
        </opinions>
    </sentence>
    <sentence id="334">
        <text>True, the char siew buns (limited to a plate of 3 buns per customer) were tasty, but I would go to Summer Palace at Regent Hotel anytime for the buns.</text>
        <opinions>
            <opinion polarity="positive" start="10" end="23" target="char siew buns"></opinion>
        </opinions>
    </sentence>
    <sentence id="338">
        <text>Went there at an odd timing of 4pm and manage to get a seating after queuing for half an hour The Baked Bun with BBQ Pork is really really good.</text>
        <opinions>
            <opinion polarity="positive" start="94" end="120" target="The Baked Bun with BBQ Pork"></opinion>
        </opinions>
    </sentence>
    <sentence id="340">
        <text>Their Steamed Egg Cake is super moist and fluffy.</text>
        <opinions>
            <opinion polarity="positive" start="6" end="21" target="Steamed Egg Cake"></opinion>
        </opinions>
    </sentence>
    <sentence id="341">
        <text>I tried out other things also but i felt that if i were to do a second trip to tim ho wan it will just be mainly because of the Baked Bun and Steamed Egg Cake.</text>
        <opinions>
            <opinion polarity="positive" start="128" end="136" target="Baked Bun"></opinion>
            <opinion polarity="positive" start="142" end="157" target="Steamed Egg Cake"></opinion>
        </opinions>
    </sentence>
    <sentence id="347">
        <text>was the Baked Bun with BBQ Pork.</text>
        <opinions>
            <opinion polarity="neutral" start="8" end="30" target="Baked Bun with BBQ Pork"></opinion>
        </opinions>
    </sentence>
    <sentence id="362">
        <text>Although only the Baked Bun with BBQ Pork is on the take-away menu, embrace yourself for more to come when the restaurant is finally settled.</text>
        <opinions>
            <opinion polarity="neutral" start="18" end="40" target="Baked Bun with BBQ Pork"></opinion>
        </opinions>
    </sentence>
    <sentence id="364">
        <text>Baked Bun with BBQ Pork (3pcs) (SGD 4.50+ +) :: No surprise.</text>
        <opinions>
            <opinion polarity="neutral" start="0" end="22" target="Baked Bun with BBQ Pork"></opinion>
        </opinions>
    </sentence>
    <sentence id="368">
        <text>Steamed Egg Cake (SGD 3.80+ +) :: A counterpart of the above item, I thought this has its king s crown on it deservedly.</text>
        <opinions>
            <opinion polarity="positive" start="0" end="15" target="Steamed Egg Cake"></opinion>
        </opinions>
    </sentence>
    <sentence id="372">
        <text>Tonic Medlar &amp; Osmanthus Petal Cake (Cold) (3pcs) (SGD 3.50+ +) :: Entertainingly wobbly and jelly-like, this plate of dessert had me feel refreshed.</text>
        <opinions>
            <opinion polarity="positive" start="0" end="34" target="Tonic Medlar &amp; Osmanthus Petal Cake"></opinion>
        </opinions>
    </sentence>
    <sentence id="376">
        <text>Prawn Dumpling (4pcs) (SGD 5.50+ +) :: I thought the wrap was a little too sticky and dry for me.</text>
        <opinions>
            <opinion polarity="negative" start="0" end="13" target="Prawn Dumpling"></opinion>
        </opinions>
    </sentence>
    <sentence id="381">
        <text>Fried Carrot Cake ($4.50 for 3pcs): The Pan Fried Carrot Cake is amongst the Big 4 Heavenly Kings, alongside the Vermicelli Roll with Pig s Liver, Baked Bun with BBQ Pork and Steamed Egg Cake.</text>
        <opinions>
            <opinion polarity="neutral" start="0" end="16" target="Fried Carrot Cake"></opinion>
            <opinion polarity="neutral" start="40" end="60" target="Pan Fried Carrot Cake"></opinion>
            <opinion polarity="neutral" start="113" end="144" target="Vermicelli Roll with Pig s Liver"></opinion>
            <opinion polarity="neutral" start="147" end="169" target="Baked Bun with BBQ Pork"></opinion>
            <opinion polarity="neutral" start="175" end="190" target="Steamed Egg Cake"></opinion>
        </opinions>
    </sentence>
    <sentence id="384">
        <text>Vermicelli Roll with Pig s Liver ($5.50): If animal organs do not make you feel queasy, the Vermicelli Roll with Pig s Liver is a must-try.</text>
        <opinions>
            <opinion polarity="neutral" start="0" end="31" target="Vermicelli Roll with Pig s Liver"></opinion>
            <opinion polarity="neutral" start="0" end="31" target="Vermicelli Roll with Pig s Liver"></opinion>
        </opinions>
    </sentence>
    <sentence id="386">
        <text>The Baked Bun with BBQ Pork received the most votes across the table.</text>
        <opinions>
            <opinion polarity="positive" start="4" end="26" target="Baked Bun with BBQ Pork"></opinion>
        </opinions>
    </sentence>
    <sentence id="388">
        <text>Steamed Egg Cake ($3.80 for 1pc): I didn t agree with my dining companions on this item, as they seemed to enjoy this thoroughly to the very last morsel, while I barely took more than two bites.</text>
        <opinions>
            <opinion polarity="negative" start="0" end="15" target="Steamed Egg Cake"></opinion>
        </opinions>
    </sentence>
    <sentence id="391">
        <text>Beef Ball with Beancurd Skin ($4.20 for 3pcs): The Beef Ball with Beancurd Skin is nothing like I ve had before, and something I would definitely order again in future.</text>
        <opinions>
            <opinion polarity="positive" start="0" end="27" target="Beef Ball with Beancurd Skin"></opinion>
            <opinion polarity="positive" start="0" end="27" target="Beef Ball with Beancurd Skin"></opinion>
        </opinions>
    </sentence>
    <sentence id="395">
        <text>Spring Roll with Egg White ($4.20 for 3pcs): The Spring Roll with Egg White is by far the best meatless spring rolls I ve ever had.</text>
        <opinions>
            <opinion polarity="positive" start="0" end="25" target="Spring Roll with Egg White"></opinion>
            <opinion polarity="positive" start="0" end="25" target="Spring Roll with Egg White"></opinion>
        </opinions>
    </sentence>
    <sentence id="398">
        <text>Tonic Medlar &amp; Osmanthus Cake ($3.50 for 3pcs): The Tonic Medlar &amp; Osmanthus Cake ends the meal on a light but gratifying note.</text>
        <opinions>
            <opinion polarity="positive" start="0" end="28" target="Tonic Medlar &amp; Osmanthus Cake"></opinion>
            <opinion polarity="positive" start="0" end="28" target="Tonic Medlar &amp; Osmanthus Cake"></opinion>
        </opinions>
    </sentence>
    <sentence id="401">
        <text>Worth queuing for are Steamed Egg Cake, one of the Big Four Heavenly Kings, and Spring Roll with Egg White.</text>
        <opinions>
            <opinion polarity="positive" start="22" end="37" target="Steamed Egg Cake"></opinion>
            <opinion polarity="positive" start="80" end="105" target="Spring Roll with Egg White"></opinion>
        </opinions>
    </sentence>
    <sentence id="402">
        <text>Known as Ma Lai Gao in Chinese on the menu, the former was airy-light, soft and fluffy.</text>
        <opinions>
            <opinion polarity="positive" start="9" end="18" target="Ma Lai Gao"></opinion>
        </opinions>
    </sentence>
    <sentence id="403">
        <text>Its texture was closer to that of Ji Dan Gao (how I would have translated Steamed Egg Cake), chiffon and sponge cake while the caramelised taste was the only resemblance to the moist and chewy Ma Lai Gao found locally.</text>
        <opinions>
            <opinion polarity="positive" start="74" end="89" target="Steamed Egg Cake"></opinion>
            <opinion polarity="positive" start="193" end="202" target="Ma Lai Gao"></opinion>
        </opinions>
    </sentence>
    <sentence id="406">
        <text>Loved how the crackling-crispy thin skin of Spring Roll with Egg White went well together with its filling of succulent prawns, egg white and chopped carrots.</text>
        <opinions>
            <opinion polarity="positive" start="44" end="69" target="Spring Roll with Egg White"></opinion>
        </opinions>
    </sentence>
    <sentence id="408">
        <text>Must-orders when dining at the restaurant are Baked Bun with BBQ Pork, another one of the Big Four Heavenly Kings, and Steamed Prawn Dumplings.</text>
        <opinions>
            <opinion polarity="positive" start="46" end="68" target="Baked Bun with BBQ Pork"></opinion>
            <opinion polarity="positive" start="119" end="141" target="Steamed Prawn Dumplings"></opinion>
        </opinions>
    </sentence>
    <sentence id="411">
        <text>Translucent-thin skin of the Steamed Prawn Dumplings tasted springy and not too chewy while its filling of fresh and juicy prawns was marinated just nice.</text>
        <opinions>
            <opinion polarity="positive" start="29" end="51" target="Steamed Prawn Dumplings"></opinion>
        </opinions>
    </sentence>
    <sentence id="412">
        <text>Much-lauded Pan-fried Carrot Cake, with a charred aroma, lacked lustre.</text>
        <opinions>
            <opinion polarity="negative" start="12" end="32" target="Pan-fried Carrot Cake"></opinion>
        </opinions>
    </sentence>
    <sentence id="418">
        <text>Two of their heavanly kings, the char siew bun, carrot cake is different from any others, and is especially tender and fragrant.</text>
        <opinions>
            <opinion polarity="positive" start="33" end="45" target="char siew bun"></opinion>
            <opinion polarity="positive" start="48" end="58" target="carrot cake"></opinion>
        </opinions>
    </sentence>
    <sentence id="421">
        <text>The baked BBQ pork bun is very good, must try, we also had the siew mai (prawn dumpling), liver chee cheong fun, bean curd skin, rice with chicken and sausage, pork congee, carrot cake.</text>
        <opinions>
            <opinion polarity="positive" start="4" end="21" target="baked BBQ pork bun"></opinion>
            <opinion polarity="neutral" start="63" end="70" target="siew mai"></opinion>
            <opinion polarity="neutral" start="73" end="86" target="prawn dumpling"></opinion>
            <opinion polarity="neutral" start="90" end="110" target="liver chee cheong fun"></opinion>
            <opinion polarity="neutral" start="113" end="126" target="bean curd skin"></opinion>
            <opinion polarity="neutral" start="129" end="157" target="rice with chicken and sausage"></opinion>
            <opinion polarity="neutral" start="160" end="170" target="pork congee"></opinion>
            <opinion polarity="neutral" start="173" end="183" target="carrot cake"></opinion>
        </opinions>
    </sentence>
    <sentence id="428">
        <text>The noisy crowded atmosphere totally reminded of the time I had in the HK restaurants ^ ^ Must tries would be the Unique Char Sao Bao (Baked Buns w BBQ Pork).</text>
        <opinions>
            <opinion polarity="positive" start="121" end="132" target="Char Sao Bao"></opinion>
            <opinion polarity="positive" start="135" end="155" target="Baked Buns w BBQ Pork"></opinion>
        </opinions>
    </sentence>
    <sentence id="431">
        <text>Their Pork Ribs were also very juicy and tender, not too very hard to chew and with every bite one could taste perfect harmony between the meat &amp; its sauce.</text>
        <opinions>
            <opinion polarity="positive" start="6" end="14" target="Pork Ribs"></opinion>
        </opinions>
    </sentence>
    <sentence id="444">
        <text>We ordered quite a few dishes, such as the vermicelli roll, carrot cake, dumplings, etc.</text>
        <opinions>
            <opinion polarity="neutral" start="60" end="70" target="carrot cake"></opinion>
        </opinions>
    </sentence>
    <sentence id="446">
        <text>Personally, I find the food quite good, especially the Baked Bun with BBQ Pork.</text>
        <opinions>
            <opinion polarity="positive" start="55" end="77" target="Baked Bun with BBQ Pork"></opinion>
        </opinions>
    </sentence>
    <sentence id="447">
        <text>The only disappointing dish was the Steamed Rice with Beef &amp; Fried Egg.</text>
        <opinions>
            <opinion polarity="negative" start="36" end="69" target="Steamed Rice with Beef &amp; Fried Egg"></opinion>
        </opinions>
    </sentence>
    <sentence id="460">
        <text>so i waited a few months for this, but i am so happy that i finally had the chance to try it, even if only for the yummilicious barbecue pork buns ($4.50 for 3 pcs) ^ ^ ahhh, just thinking about it makes me feel like eating it already.</text>
        <opinions>
            <opinion polarity="positive" start="128" end="145" target="barbecue pork buns"></opinion>
        </opinions>
    </sentence>
    <sentence id="476">
        <text>we tried three of them, because the last was a chee cheong fun with pigs liver which we don't really fancy.</text>
        <opinions>
            <opinion polarity="negative" start="47" end="77" target="chee cheong fun with pigs liver"></opinion>
        </opinions>
    </sentence>
    <sentence id="477">
        <text>the pan fried carrot cake ($4.50 for 3 pcs) was quite yummy!</text>
        <opinions>
            <opinion polarity="positive" start="4" end="24" target="pan fried carrot cake"></opinion>
        </opinions>
    </sentence>
    <sentence id="480">
        <text>the last of the 4 signature dishes was the steamed egg cake $3.80, which is kinda like a huat kueh?</text>
        <opinions>
            <opinion polarity="neutral" start="43" end="58" target="steamed egg cake"></opinion>
        </opinions>
    </sentence>
    <sentence id="483">
        <text>we liked the congee with lean pork, century egg and salted egg ($4.20) for its subtle flavour, while not being too salty (: i couldn't really taste any of the salted egg though :p and i really enjoyed our dessert which was yam puree with sago ($3.50)!</text>
        <opinions>
            <opinion polarity="positive" start="13" end="61" target="congee with lean pork, century egg and salted egg"></opinion>
            <opinion polarity="positive" start="223" end="241" target="yam puree with sago"></opinion>
        </opinions>
    </sentence>
    <sentence id="494">
        <text>Hits worth trying are the char siew bun, char siew Chang fen, fried carrot cake, mango pomeloO dessert, siew Mai, prawn and pork wrapped in beancurd skin and century egg pork porridge.</text>
        <opinions>
            <opinion polarity="positive" start="26" end="38" target="char siew bun"></opinion>
            <opinion polarity="positive" start="41" end="59" target="char siew Chang fen"></opinion>
            <opinion polarity="positive" start="62" end="78" target="fried carrot cake"></opinion>
            <opinion polarity="positive" start="81" end="101" target="mango pomeloO dessert"></opinion>
            <opinion polarity="positive" start="104" end="111" target="siew Mai"></opinion>
            <opinion polarity="positive" start="114" end="152" target="prawn and pork wrapped in beancurd skin"></opinion>
            <opinion polarity="positive" start="158" end="182" target="century egg pork porridge"></opinion>
        </opinions>
    </sentence>
    <sentence id="496">
        <text>The ones that missed the mark and failed were the glutinous rice with chicken, the steamed beef balls and sunny egg with beef rice, and beef Chang fen.</text>
        <opinions>
            <opinion polarity="negative" start="50" end="76" target="glutinous rice with chicken"></opinion>
            <opinion polarity="negative" start="83" end="100" target="steamed beef balls"></opinion>
            <opinion polarity="negative" start="106" end="129" target="sunny egg with beef rice"></opinion>
            <opinion polarity="negative" start="136" end="149" target="beef Chang fen"></opinion>
        </opinions>
    </sentence>
    <sentence id="503">
        <text>All the dishes were good, and out of their 4 'heavenly king' signature dishes, my favourites are the Ma Lai Gao (Steamed Egg Cake) and the baked bun with BBQ pork (Char Siew Pao).</text>
        <opinions>
            <opinion polarity="positive" start="101" end="110" target="Ma Lai Gao"></opinion>
            <opinion polarity="positive" start="113" end="128" target="Steamed Egg Cake"></opinion>
            <opinion polarity="positive" start="139" end="161" target="baked bun with BBQ pork"></opinion>
            <opinion polarity="positive" start="164" end="176" target="Char Siew Pao"></opinion>
        </opinions>
    </sentence>
    <sentence id="504">
        <text>The BBQ pork bun had a very crispy outer crust and fragrance was just a bit too tempting.</text>
        <opinions>
            <opinion polarity="positive" start="4" end="15" target="BBQ pork bun"></opinion>
        </opinions>
    </sentence>
    <sentence id="509">
        <text>With the soft opening of a 2nd branch at ERA Centre, I queued only 15 minutes at [ email protected ] Still worth queuing for are Steamed Egg Cake and Spring Roll with Egg White, but must-orders when dining at the restaurant are no longer just its Baked Bun with BBQ Pork and Steamed Prawn Dumplings.</text>
        <opinions>
            <opinion polarity="positive" start="129" end="144" target="Steamed Egg Cake"></opinion>
            <opinion polarity="positive" start="150" end="175" target="Spring Roll with Egg White"></opinion>
            <opinion polarity="positive" start="247" end="269" target="Baked Bun with BBQ Pork"></opinion>
            <opinion polarity="positive" start="275" end="297" target="Steamed Prawn Dumplings"></opinion>
        </opinions>
    </sentence>
    <sentence id="510">
        <text>Another Big Four Heavenly Kings Vermicelli Roll with Pig's Liver, may not be everyone s cup of tea so get it with your preferred choice of filling.</text>
        <opinions>
            <opinion polarity="neutral" start="32" end="63" target="Vermicelli Roll with Pig's Liver"></opinion>
        </opinions>
    </sentence>
    <sentence id="512">
        <text>I would also recommend Glutinous Rice Dumpling for sharing as the portion is huge, and Pork Rib with Black Bean Sauce.</text>
        <opinions>
            <opinion polarity="positive" start="23" end="45" target="Glutinous Rice Dumpling"></opinion>
            <opinion polarity="positive" start="87" end="116" target="Pork Rib with Black Bean Sauce"></opinion>
        </opinions>
    </sentence>
    <sentence id="515">
        <text>Choose either Steamed Beancurd Skin Roll with Pork and Shrimp or Deep-Fried Beancurd Skin Roll with Shrimp (had the additional bonus of a nice aroma) as both had similar fillings I could neither rave about nor fault.</text>
        <opinions>
            <opinion polarity="positive" start="14" end="60" target="Steamed Beancurd Skin Roll with Pork and Shrimp"></opinion>
            <opinion polarity="positive" start="65" end="105" target="Deep-Fried Beancurd Skin Roll with Shrimp"></opinion>
        </opinions>
    </sentence>
    <sentence id="516">
        <text>Order the following only if you still have stomach space: Pan-fried Carrot Cake, Chicken Feet with Black Bean Sauce not too chewy and hard or soft and mushy, and Steamed Beef Balls with Beancurd Skin.</text>
        <opinions>
            <opinion polarity="positive" start="58" end="78" target="Pan-fried Carrot Cake"></opinion>
            <opinion polarity="positive" start="81" end="114" target="Chicken Feet with Black Bean Sauce"></opinion>
            <opinion polarity="positive" start="162" end="198" target="Steamed Beef Balls with Beancurd Skin"></opinion>
        </opinions>
    </sentence>
    <sentence id="529">
        <text>First Heavenly King, Steamed Egg Cake ($3.80).</text>
        <opinions>
            <opinion polarity="neutral" start="21" end="36" target="Steamed Egg Cake"></opinion>
        </opinions>
    </sentence>
    <sentence id="531">
        <text>Second Heavenly King, Vermicelli Roll with Pig's Liver ($5.50).</text>
        <opinions>
            <opinion polarity="neutral" start="22" end="53" target="Vermicelli Roll with Pig's Liver"></opinion>
        </opinions>
    </sentence>
    <sentence id="534">
        <text>Third Heavenly King, Baked Bun with BBQ Pork ($4.50).</text>
        <opinions>
            <opinion polarity="neutral" start="21" end="43" target="Baked Bun with BBQ Pork"></opinion>
        </opinions>
    </sentence>
    <sentence id="536">
        <text>Fourth Heavenly King, Pan Fried Carrot Cake ($4.50).</text>
        <opinions>
            <opinion polarity="neutral" start="22" end="42" target="Pan Fried Carrot Cake"></opinion>
        </opinions>
    </sentence>
    <sentence id="538">
        <text>Glutinous Rice Dumpling ($5.00).</text>
        <opinions>
            <opinion polarity="neutral" start="0" end="22" target="Glutinous Rice Dumpling"></opinion>
        </opinions>
    </sentence>
    <sentence id="539">
        <text>Pork Dumpling with Shrimp ($5.00).</text>
        <opinions>
            <opinion polarity="neutral" start="0" end="24" target="Pork Dumpling with Shrimp"></opinion>
        </opinions>
    </sentence>
    <sentence id="540">
        <text>Dumpling Teochew Style ($4.00).</text>
        <opinions>
            <opinion polarity="neutral" start="0" end="21" target="Dumpling Teochew Style"></opinion>
        </opinions>
    </sentence>
    <sentence id="544">
        <text>Beancurd Skin Roll with Shrimp ($5.50).</text>
        <opinions>
            <opinion polarity="neutral" start="0" end="29" target="Beancurd Skin Roll with Shrimp"></opinion>
        </opinions>
    </sentence>
    <sentence id="555">
        <text>I cant really remember any food there that is worth going back other then the bean curd skin roll and spring roll with egg white.</text>
        <opinions>
            <opinion polarity="positive" start="78" end="96" target="bean curd skin roll"></opinion>
            <opinion polarity="positive" start="102" end="127" target="spring roll with egg white"></opinion>
        </opinions>
    </sentence>
    <sentence id="557">
        <text>Some of the food, they added some orange peel skin to it such as the baked bun with bbq pork.</text>
        <opinions>
            <opinion polarity="neutral" start="69" end="91" target="baked bun with bbq pork"></opinion>
        </opinions>
    </sentence>
    <sentence id="573">
        <text>Our favorite was the BBQ pork bun.</text>
        <opinions>
            <opinion polarity="positive" start="21" end="32" target="BBQ pork bun"></opinion>
        </opinions>
    </sentence>
    <sentence id="583">
        <text>The baked bun with BBQ pork is decent but the BBQ pork is too sweet.</text>
        <opinions>
            <opinion polarity="positive" start="4" end="26" target="baked bun with BBQ pork"></opinion>
        </opinions>
    </sentence>
    <sentence id="584">
        <text>Siew Mai is pretty good and I enjoyed it.</text>
        <opinions>
            <opinion polarity="positive" start="0" end="7" target="Siew Mai"></opinion>
        </opinions>
    </sentence>
    <sentence id="593">
        <text>Came here for the second time, love the char siew bun &amp; the springroll.</text>
        <opinions>
            <opinion polarity="positive" start="40" end="52" target="char siew bun"></opinion>
        </opinions>
    </sentence>
    <sentence id="595">
        <text>Defintely worth coming back again for the char siew bun, but the rest of the ala carte is quite normal!</text>
        <opinions>
            <opinion polarity="positive" start="42" end="54" target="char siew bun"></opinion>
        </opinions>
    </sentence>
    <sentence id="598">
        <text>Some comments: 1) Char Siew Pau - unlike those normal Char Siew pau thats white skin and steamed, Tim Ho Wan's char siew pau has those 'bread-like' but not those difficult to bite texture n a slightly sweeter taste.</text>
        <opinions>
            <opinion polarity="neutral" start="18" end="30" target="Char Siew Pau"></opinion>
            <opinion polarity="neutral" start="54" end="66" target="Char Siew pau"></opinion>
            <opinion polarity="neutral" start="111" end="123" target="char siew pau"></opinion>
        </opinions>
    </sentence>
    <sentence id="600">
        <text>2) Malay steamed cake Gd to eat hot but don't find this very fantastic.</text>
        <opinions>
            <opinion polarity="neutral" start="3" end="20" target="Malay steamed cake"></opinion>
        </opinions>
    </sentence>
    <sentence id="601">
        <text>3) century egg porridge I prefer 126 porridge.</text>
        <opinions>
            <opinion polarity="negative" start="3" end="22" target="century egg porridge"></opinion>
        </opinions>
    </sentence>
    <sentence id="602">
        <text>4) beancurd skin roll (We ordered the ones wrapped w prawns.</text>
        <opinions>
            <opinion polarity="neutral" start="3" end="20" target="beancurd skin roll"></opinion>
        </opinions>
    </sentence>
    <sentence id="604">
        <text>5) carrot cake Melts upon touching your tongue!</text>
        <opinions>
            <opinion polarity="positive" start="3" end="13" target="carrot cake"></opinion>
        </opinions>
    </sentence>
    <sentence id="606">
        <text>6) Lo Mai Kai Unlike wad we taste frm kopitiam, it doesn't hv the raw meat smell and it has sauce is mixed inside the glutinous rice to enhance the taste.</text>
        <opinions>
            <opinion polarity="positive" start="3" end="12" target="Lo Mai Kai"></opinion>
        </opinions>
    </sentence>
    <sentence id="625">
        <text>Glutinous Rice ($5 / -) This had always been a 'must-try' on our dim sum checklist but this was disappointing to say the least.</text>
        <opinions>
            <opinion polarity="negative" start="0" end="13" target="Glutinous Rice"></opinion>
        </opinions>
    </sentence>
    <sentence id="626">
        <text>There was a beautiful fragrance upon the unwrapping of the lotus leaf but slicing into the glutinous rice was our worst nightmare came true.</text>
        <opinions>
            <opinion polarity="negative" start="91" end="104" target="glutinous rice"></opinion>
        </opinions>
    </sentence>
    <sentence id="627">
        <text>The glutinous rice was overcooked and while retaining the moisture trapped underneath the lotus leaf, it was soft and mushy.</text>
        <opinions>
            <opinion polarity="negative" start="4" end="17" target="glutinous rice"></opinion>
        </opinions>
    </sentence>
    <sentence id="633">
        <text>The dishes are overpriced and you are only allowed to ONE plate of their char siew bao PER person.</text>
        <opinions>
            <opinion polarity="negative" start="73" end="85" target="char siew bao"></opinion>
        </opinions>
    </sentence>
    <sentence id="637">
        <text>The bbq pork bun was thick and tough.</text>
        <opinions>
            <opinion polarity="negative" start="4" end="15" target="bbq pork bun"></opinion>
        </opinions>
    </sentence>
    <sentence id="638">
        <text>The bean curd roll was too salty, har gow tasteless, and wasabi prawns soggy.</text>
        <opinions>
            <opinion polarity="negative" start="4" end="17" target="bean curd roll"></opinion>
            <opinion polarity="negative" start="34" end="40" target="har gow"></opinion>
            <opinion polarity="negative" start="57" end="69" target="wasabi prawns"></opinion>
        </opinions>
    </sentence>
    <sentence id="643">
        <text>HK CURRY FISH BALL I'm rating them down because of my experience, and I do feel that they are not worth all the rave.</text>
        <opinions>
            <opinion polarity="negative" start="0" end="17" target="HK CURRY FISH BALL"></opinion>
        </opinions>
    </sentence>
    <sentence id="663">
        <text>The Baked Bun with BBQ Pork ($4.50) is a definite must try.</text>
        <opinions>
            <opinion polarity="positive" start="4" end="26" target="Baked Bun with BBQ Pork"></opinion>
        </opinions>
    </sentence>
    <sentence id="688">
        <text>Its not century and salted egg porridge.</text>
        <opinions>
            <opinion polarity="negative" start="8" end="38" target="century and salted egg porridge"></opinion>
        </opinions>
    </sentence>
    <sentence id="690">
        <text>Shrimp dumpling - dry.</text>
        <opinions>
            <opinion polarity="negative" start="0" end="14" target="Shrimp dumpling"></opinion>
        </opinions>
    </sentence>
    <sentence id="695">
        <text>Must tries are their siew mai and carrot cake!</text>
        <opinions>
            <opinion polarity="positive" start="21" end="28" target="siew mai"></opinion>
            <opinion polarity="positive" start="34" end="44" target="carrot cake"></opinion>
        </opinions>
    </sentence>
    <sentence id="708">
        <text>They are the famous Baked Bun with BBQ Pork, Steamed Egg Cake, Vermicelli Roll with Pig's Liver and Pan Fried Carrot Cake which are also available at the Singapore branch.</text>
        <opinions>
            <opinion polarity="neutral" start="20" end="42" target="Baked Bun with BBQ Pork"></opinion>
            <opinion polarity="neutral" start="45" end="60" target="Steamed Egg Cake"></opinion>
            <opinion polarity="neutral" start="63" end="94" target="Vermicelli Roll with Pig's Liver"></opinion>
            <opinion polarity="neutral" start="100" end="120" target="Pan Fried Carrot Cake"></opinion>
        </opinions>
    </sentence>
    <sentence id="709">
        <text>In one of Chef Mak's interview he correctly pointed out that Singaporean prefers fried stuff which is why there was mix opinions with the Pan Fried Carrot Cake ($4.50 for 3pc) at my table.</text>
        <opinions>
            <opinion polarity="neutral" start="138" end="158" target="Pan Fried Carrot Cake"></opinion>
        </opinions>
    </sentence>
    <sentence id="713">
        <text>I thought the pan fried carrot cake was well executed with a nice layer of crisp on the exterior while the inside was still soft and moist with shreds of radish.</text>
        <opinions>
            <opinion polarity="positive" start="14" end="34" target="pan fried carrot cake"></opinion>
        </opinions>
    </sentence>
    <sentence id="714">
        <text>Resembling the Chinese Steamed Cake (Huat Kueh), the Steamed Egg Cake ($3.80 for 1pc) was surprisingly very good.</text>
        <opinions>
            <opinion polarity="positive" start="53" end="68" target="Steamed Egg Cake"></opinion>
        </opinions>
    </sentence>
    <sentence id="717">
        <text>A bold twist from the tradition where vermicelli roll is commonly stuffed with char siew or shrimp, the Vermicelli Roll with Pig's Liver ($5.50) has a velvety texture while the fresh pig's liver was tender and soft.</text>
        <opinions>
            <opinion polarity="positive" start="104" end="135" target="Vermicelli Roll with Pig's Liver"></opinion>
        </opinions>
    </sentence>
    <sentence id="720">
        <text>The marquee dish of Tim Ho Wan that has transformed the eatery into a mecca is the famed Baked Bun with BBQ Pork ($4.50 for 3pc).</text>
        <opinions>
            <opinion polarity="positive" start="89" end="111" target="Baked Bun with BBQ Pork"></opinion>
        </opinions>
    </sentence>
    <sentence id="731">
        <text>First up, their famous pork buns.</text>
        <opinions>
            <opinion polarity="positive" start="23" end="31" target="pork buns"></opinion>
        </opinions>
    </sentence>
    <sentence id="735">
        <text>I spotted Teochew Dumplings on the menu and decided to try it.</text>
        <opinions>
            <opinion polarity="neutral" start="10" end="26" target="Teochew Dumplings"></opinion>
        </opinions>
    </sentence>
    <sentence id="743">
        <text>I always, always, always get chee cheong fun wherever I go because that s one of the few dishes without any form of shrimp.</text>
        <opinions>
            <opinion polarity="positive" start="29" end="43" target="chee cheong fun"></opinion>
        </opinions>
    </sentence>
    <sentence id="755">
        <text>My friend told me never to give the Baked BBQ Pork Bun ($4.50 for 3 pieces) a miss.</text>
        <opinions>
            <opinion polarity="positive" start="36" end="53" target="Baked BBQ Pork Bun"></opinion>
        </opinions>
    </sentence>
    <sentence id="756">
        <text>The Baked BBQ Pork Bun was served warm and crisp, with a fluffy inside.</text>
        <opinions>
            <opinion polarity="positive" start="4" end="21" target="Baked BBQ Pork Bun"></opinion>
        </opinions>
    </sentence>
    <sentence id="761">
        <text>Steamed Egg Cake ($3.80) was the another one of the four heavenly kings here.</text>
        <opinions>
            <opinion polarity="neutral" start="0" end="15" target="Steamed Egg Cake"></opinion>
        </opinions>
    </sentence>
    <sentence id="763">
        <text>The fluffiness of the steamed egg cake is unmatched, and it was light and airy.</text>
        <opinions>
            <opinion polarity="positive" start="22" end="37" target="steamed egg cake"></opinion>
        </opinions>
    </sentence>
    <sentence id="764">
        <text>Unlike other steamed egg cakes, this one does not stick around on your tongue or in the throat as well.</text>
        <opinions>
            <opinion polarity="positive" start="13" end="29" target="steamed egg cakes"></opinion>
        </opinions>
    </sentence>
    <sentence id="766">
        <text>Moving on from the heavenly kings, we also have Steamed Items such as the Prawn Dumplings ($5.50 for 4 pieces).</text>
        <opinions>
            <opinion polarity="neutral" start="74" end="88" target="Prawn Dumplings"></opinion>
        </opinions>
    </sentence>
    <sentence id="770">
        <text>The Pork Dumplings with Shrimp ($5.00 for 4 pieces) also known as our shumai is tightly packed and firm, but could go on the edge of being slightly too tough for some.</text>
        <opinions>
            <opinion polarity="negative" start="4" end="29" target="Pork Dumplings with Shrimp"></opinion>
            <opinion polarity="negative" start="70" end="75" target="shumai"></opinion>
        </opinions>
    </sentence>
    <sentence id="777">
        <text>Authentic Hong Kong dim sum and a Michelin Star restaurant, just thinking about all the dim sum like baked char siew buns, chee cheong fun, siew mai and har gow just made me drool.</text>
        <opinions>
            <opinion polarity="positive" start="101" end="120" target="baked char siew buns"></opinion>
            <opinion polarity="positive" start="123" end="137" target="chee cheong fun"></opinion>
            <opinion polarity="positive" start="140" end="147" target="siew mai"></opinion>
            <opinion polarity="positive" start="153" end="159" target="har gow"></opinion>
        </opinions>
    </sentence>
    <sentence id="780">
        <text>First, the baked char siew buns.</text>
        <opinions>
            <opinion polarity="neutral" start="11" end="30" target="baked char siew buns"></opinion>
        </opinions>
    </sentence>
    <sentence id="783">
        <text>The second time I didn t give up on it and ordered it again, hoping it was just an one-off slip in standard, then I realised, nope, this is simply how the baked char siew bun tastes for Singapore.</text>
        <opinions>
            <opinion polarity="negative" start="155" end="173" target="baked char siew bun"></opinion>
        </opinions>
    </sentence>
    <sentence id="786">
        <text>To be honest, I think the har gow, or prawn dumpling, was very ordinary.</text>
        <opinions>
            <opinion polarity="neutral" start="26" end="32" target="har gow"></opinion>
            <opinion polarity="neutral" start="38" end="51" target="prawn dumpling"></opinion>
        </opinions>
    </sentence>
    <sentence id="787">
        <text>In fact, the skin was slightly soggy and broke too easily, and hence I felt that it was in fact inferior to the har gow from Imperial Treasure and Crystal Jade.</text>
        <opinions>
            <opinion polarity="negative" start="112" end="118" target="har gow"></opinion>
        </opinions>
    </sentence>
    <sentence id="788">
        <text>The siew mai scored better, because the taste of prawn and meat fused together nicely, but it was still not amazing.</text>
        <opinions>
            <opinion polarity="positive" start="4" end="11" target="siew mai"></opinion>
        </opinions>
    </sentence>
    <sentence id="789">
        <text>One of my favourites at Tim Ho Wan though, is this ordinary-looking and often underrated dim sum the shrimp chee cheong fun.</text>
        <opinions>
            <opinion polarity="positive" start="101" end="122" target="shrimp chee cheong fun"></opinion>
        </opinions>
    </sentence>
    <sentence id="790">
        <text>Tim ho wan s shrimp chee cheong fun contains the garlic chives (gau choy /), and the fragrance of the garlic chives enhances the overall smell and taste of the chee cheong fun.</text>
        <opinions>
            <opinion polarity="positive" start="13" end="34" target="shrimp chee cheong fun"></opinion>
        </opinions>
    </sentence>
    <sentence id="792">
        <text>The second dim sum that thoroughly impressed me was the steam beancurd skin roll, which is actually pork and prawn fillings wrapped in beancurd skin.</text>
        <opinions>
            <opinion polarity="positive" start="56" end="79" target="steam beancurd skin roll"></opinion>
        </opinions>
    </sentence>
    <sentence id="797">
        <text>Note, order the steamed one, not the deep fried bean curd roll, because the flavour and juiciness is completely lost in the latter.</text>
        <opinions>
            <opinion polarity="negative" start="37" end="61" target="deep fried bean curd roll"></opinion>
        </opinions>
    </sentence>
    <sentence id="801">
        <text>We ordered the BBQ pork buns, carrot cake, Teochew dumplings, char siew chee chong fun and siew mai.</text>
        <opinions>
            <opinion polarity="neutral" start="15" end="27" target="BBQ pork buns"></opinion>
            <opinion polarity="neutral" start="30" end="40" target="carrot cake"></opinion>
            <opinion polarity="neutral" start="43" end="59" target="Teochew dumplings"></opinion>
            <opinion polarity="neutral" start="62" end="85" target="char siew chee chong fun"></opinion>
            <opinion polarity="neutral" start="91" end="98" target="siew mai"></opinion>
        </opinions>
    </sentence>
    <sentence id="803">
        <text>I especially liked the Teochew dumplings, which were pork with water chestnut--something I've never seen before.</text>
        <opinions>
            <opinion polarity="positive" start="23" end="39" target="Teochew dumplings"></opinion>
        </opinions>
    </sentence>
    <sentence id="804">
        <text>I would recommend trying the BBQ pork buns -- the inside is nice, but be warned the outside is strangely sweet.</text>
        <opinions>
            <opinion polarity="positive" start="29" end="41" target="BBQ pork buns"></opinion>
        </opinions>
    </sentence>
    <sentence id="806">
        <text>I wouldn't recommend the carrot cake.</text>
        <opinions>
            <opinion polarity="negative" start="25" end="35" target="carrot cake"></opinion>
        </opinions>
    </sentence>
    <sentence id="810">
        <text>Overall, I'm glad I've tried the famous Tim Ho Wan, and I was not disappointed by my visit, but I do not see any need to go again, unless to eat those Teochew dumplings.</text>
        <opinions>
            <opinion polarity="positive" start="151" end="167" target="Teochew dumplings"></opinion>
        </opinions>
    </sentence>
    <sentence id="812">
        <text>Quite disappointed as only the Baked buns with BBQ pork is yummy.</text>
        <opinions>
            <opinion polarity="positive" start="31" end="54" target="Baked buns with BBQ pork"></opinion>
        </opinions>
    </sentence>
    <sentence id="815">
        <text>Quite disappointed as only the Baked buns with BBQ pork is yummy.</text>
        <opinions>
            <opinion polarity="positive" start="31" end="54" target="Baked buns with BBQ pork"></opinion>
        </opinions>
    </sentence>
    <sentence id="818">
        <text>Century Egg Congee was silky smooth, creamy and typically Cantonese.</text>
        <opinions>
            <opinion polarity="positive" start="0" end="17" target="Century Egg Congee"></opinion>
        </opinions>
    </sentence>
    <sentence id="823">
        <text>This prawn dumplings were good.</text>
        <opinions>
            <opinion polarity="positive" start="5" end="19" target="prawn dumplings"></opinion>
        </opinions>
    </sentence>
    <sentence id="825">
        <text>Shrimp rolls wrapped in bean curd skin.</text>
        <opinions>
            <opinion polarity="neutral" start="0" end="37" target="Shrimp rolls wrapped in bean curd skin"></opinion>
        </opinions>
    </sentence>
    <sentence id="829">
        <text>The special oven-baked char siew bao.</text>
        <opinions>
            <opinion polarity="neutral" start="12" end="35" target="oven-baked char siew bao"></opinion>
        </opinions>
    </sentence>
    <sentence id="831">
        <text>We were so hooked that we ordered 9 char siew bao!</text>
        <opinions>
            <opinion polarity="positive" start="36" end="48" target="char siew bao"></opinion>
        </opinions>
    </sentence>
    <sentence id="836">
        <text>Baked Char Siew Bao Easily the highlight of our meal, all of us enjoyed this dish.</text>
        <opinions>
            <opinion polarity="positive" start="0" end="18" target="Baked Char Siew Bao"></opinion>
        </opinions>
    </sentence>
    <sentence id="839">
        <text>However, note that there is a limit to the number of plates you can order, 1 person can only order 1 plate of char siew bao, so if you're intending to order takeaway for it, you won't be able to do so unless you're with a group of friends.</text>
        <opinions>
            <opinion polarity="neutral" start="110" end="122" target="char siew bao"></opinion>
        </opinions>
    </sentence>
    <sentence id="840">
        <text>Pan Fried Carrot Cake Although the carrot cake didn't look attractive nor appetising, it sure didn't disappoint.</text>
        <opinions>
            <opinion polarity="positive" start="0" end="20" target="Pan Fried Carrot Cake"></opinion>
            <opinion polarity="positive" start="35" end="45" target="carrot cake"></opinion>
        </opinions>
    </sentence>
    <sentence id="843">
        <text>Yam Puree with Sago Teochews love their Orh Nee (Yam Paste), and the Yam Puree with Sago is a modern twist of this yam dessert.</text>
        <opinions>
            <opinion polarity="positive" start="0" end="18" target="Yam Puree with Sago"></opinion>
            <opinion polarity="positive" start="40" end="46" target="Orh Nee"></opinion>
            <opinion polarity="positive" start="49" end="57" target="Yam Paste"></opinion>
            <opinion polarity="positive" start="0" end="18" target="Yam Puree with Sago"></opinion>
        </opinions>
    </sentence>
    <sentence id="846">
        <text>Other dishes we tried also include Har Gao (Shrimp dumping), Vermicelli Roll with Prawns, Spring roll with egg white, Glutinous rice, Beancurd skin with shrimps, Teochew styled dumplings, Beef balls with beancurd skin, Osmanthus cake.</text>
        <opinions>
            <opinion polarity="neutral" start="35" end="41" target="Har Gao"></opinion>
            <opinion polarity="neutral" start="44" end="57" target="Shrimp dumping"></opinion>
            <opinion polarity="neutral" start="61" end="87" target="Vermicelli Roll with Prawns"></opinion>
            <opinion polarity="neutral" start="90" end="115" target="Spring roll with egg white"></opinion>
            <opinion polarity="neutral" start="118" end="131" target="Glutinous rice"></opinion>
            <opinion polarity="neutral" start="134" end="159" target="Beancurd skin with shrimps"></opinion>
            <opinion polarity="neutral" start="162" end="185" target="Teochew styled dumplings"></opinion>
            <opinion polarity="neutral" start="188" end="216" target="Beef balls with beancurd skin"></opinion>
            <opinion polarity="neutral" start="219" end="232" target="Osmanthus cake"></opinion>
        </opinions>
    </sentence>
    <sentence id="847">
        <text>It was pity though that we missed the Malay Cake and Congee by the time we reached our queue as the reviews for these dishes were pretty positive.</text>
        <opinions>
            <opinion polarity="positive" start="38" end="47" target="Malay Cake"></opinion>
        </opinions>
    </sentence>
    <sentence id="858">
        <text>We only enjoyed the BBQ pork buns.</text>
        <opinions>
            <opinion polarity="positive" start="20" end="32" target="BBQ pork buns"></opinion>
        </opinions>
    </sentence>
    <sentence id="871">
        <text>The BBQ Pork Bun and the Ma Lai Gao are definitely the 2 best dishes here for me, as they are markedly better than their counterparts from the other restaurants that serve them.</text>
        <opinions>
            <opinion polarity="positive" start="4" end="15" target="BBQ Pork Bun"></opinion>
            <opinion polarity="positive" start="25" end="34" target="Ma Lai Gao"></opinion>
        </opinions>
    </sentence>
    <sentence id="873">
        <text>Baked Bun with BBQ Pork (3 pieces) - $4.50 These slightly crisp, relatively thin and delectably soft buns are filled with a sweet and generous filling that carried hints of chinese wine.</text>
        <opinions>
            <opinion polarity="positive" start="0" end="22" target="Baked Bun with BBQ Pork"></opinion>
        </opinions>
    </sentence>
    <sentence id="877">
        <text>The most magical char siew bao ever haha 2) Prawn Dumplings - $5.50 Fat, juicy and fresh prawns encased in a thin skin that were pretty satisfying.</text>
        <opinions>
            <opinion polarity="positive" start="17" end="29" target="char siew bao"></opinion>
            <opinion polarity="positive" start="44" end="58" target="Prawn Dumplings"></opinion>
        </opinions>
    </sentence>
    <sentence id="878">
        <text>3) Spring Roll with Egg White - $4.20 The spring rolls looked promising and they were lightly fried and very crispy.</text>
        <opinions>
            <opinion polarity="positive" start="3" end="28" target="Spring Roll with Egg White"></opinion>
        </opinions>
    </sentence>
    <sentence id="880">
        <text>4) Pan Fried Carrot Cake - $4.50 Even though there were several small pieces of meat present, they didn't add much taste to the bland carrot cake.</text>
        <opinions>
            <opinion polarity="negative" start="3" end="23" target="Pan Fried Carrot Cake"></opinion>
        </opinions>
    </sentence>
    <sentence id="881">
        <text>5) Pork Dumpling with Shrimp - $5 This was my second favourite dish of the lot!</text>
        <opinions>
            <opinion polarity="positive" start="3" end="27" target="Pork Dumpling with Shrimp"></opinion>
        </opinions>
    </sentence>
    <sentence id="884">
        <text>6) Beancurd Skin Roll with Shrimp - $5.50 This is a must-have for me whenever I have dimsum!</text>
        <opinions>
            <opinion polarity="positive" start="3" end="32" target="Beancurd Skin Roll with Shrimp"></opinion>
        </opinions>
    </sentence>
    <sentence id="885">
        <text>The ones at Tim Ho Wan were delightfully crispy and the small bits of vegetables which are embedded in the rolls provided a slight bitter edge when you bite into them 7) Beancurd Skin Roll with Pork and Shrimp - $4 This was the first time that I'm trying this dish and I thought it was pretty decent 8) Vermicelli Roll with Pig's Liver - $5.50 I'm not a fan of pig's liver but I have to say that I actually liked this one!</text>
        <opinions>
            <opinion polarity="positive" start="170" end="208" target="Beancurd Skin Roll with Pork and Shrimp"></opinion>
            <opinion polarity="positive" start="303" end="334" target="Vermicelli Roll with Pig's Liver"></opinion>
        </opinions>
    </sentence>
    <sentence id="887">
        <text>9) Vermicelli Roll with Shrimp - $5.50 The vermicelli roll had quite a good portion of shrimp in them.</text>
        <opinions>
            <opinion polarity="positive" start="3" end="29" target="Vermicelli Roll with Shrimp"></opinion>
        </opinions>
    </sentence>
    <sentence id="888">
        <text>We could have used a little more sauce though 10) Tonic Medlar and Osmanthus Cake - $3.50 Jelly like blocks with a strong floral and herbal taste that didn't quite tickle my taste buds but X and his friends enjoyed it!</text>
        <opinions>
            <opinion polarity="positive" start="50" end="80" target="Tonic Medlar and Osmanthus Cake"></opinion>
        </opinions>
    </sentence>
    <sentence id="889">
        <text>11) Yam Puree with Sago (Hot) - $3.50 The texture of the yam puree was not what I had expected it to be.</text>
        <opinions>
            <opinion polarity="negative" start="4" end="22" target="Yam Puree with Sago"></opinion>
        </opinions>
    </sentence>
    <sentence id="893">
        <text>Worth the visit for the char siew pao 2nd visit to this outlet..</text>
        <opinions>
            <opinion polarity="positive" start="24" end="36" target="char siew pao"></opinion>
        </opinions>
    </sentence>
    <sentence id="923">
        <text>Har Kow and Siew Mai were below par.</text>
        <opinions>
            <opinion polarity="negative" start="0" end="6" target="Har Kow"></opinion>
            <opinion polarity="negative" start="12" end="19" target="Siew Mai"></opinion>
        </opinions>
    </sentence>
    <sentence id="926">
        <text>Only thing I like is the beancurd skin roll and Char siew bun.</text>
        <opinions>
            <opinion polarity="positive" start="25" end="42" target="beancurd skin roll"></opinion>
            <opinion polarity="positive" start="48" end="60" target="Char siew bun"></opinion>
        </opinions>
    </sentence>
    <sentence id="936">
        <text>The first item was served shortly after we sat down - the Baked Buns with BBQ Pork.</text>
        <opinions>
            <opinion polarity="neutral" start="58" end="81" target="Baked Buns with BBQ Pork"></opinion>
        </opinions>
    </sentence>
    <sentence id="939">
        <text>Next, another item from the Big 4 Heavenly Kinds list - the Pan-fried Carrot Cake - which was crispy on the outside and fine on the inside.</text>
        <opinions>
            <opinion polarity="positive" start="60" end="80" target="Pan-fried Carrot Cake"></opinion>
        </opinions>
    </sentence>
    <sentence id="941">
        <text>We had the Glutinuous Rice Dumpling - it smelled so good when it was being served so * Edwin and I eagerly tore the pandan leaf apart to attack the delicacy.</text>
        <opinions>
            <opinion polarity="positive" start="11" end="34" target="Glutinuous Rice Dumpling"></opinion>
        </opinions>
    </sentence>
    <sentence id="959">
        <text>I ordered these dishes, and also 1 more dish - pandan leave sticky rice chicken.</text>
        <opinions>
            <opinion polarity="neutral" start="47" end="78" target="pandan leave sticky rice chicken"></opinion>
        </opinions>
    </sentence>
    <sentence id="978">
        <text>The same goes for the Steamed Cake that has a very silky, fluffy texture but the taste is hardly noteworthy.</text>
        <opinions>
            <opinion polarity="positive" start="22" end="33" target="Steamed Cake"></opinion>
        </opinions>
    </sentence>
    <sentence id="983">
        <text>I don't mind having the Bo Lo Buns and Steamed Cake again, but queuing for them is put of question.</text>
        <opinions>
            <opinion polarity="positive" start="39" end="50" target="Steamed Cake"></opinion>
        </opinions>
    </sentence>
    <sentence id="991">
        <text>Mrupupup had all four heavenly dishes which include the famous and Mrupupup's favourite 1) Char siew Bun, 2) carrot cake, 3) rice vermicelli with liver and 4) the steam cake.</text>
        <opinions>
            <opinion polarity="neutral" start="91" end="103" target="Char siew Bun"></opinion>
            <opinion polarity="neutral" start="109" end="119" target="carrot cake"></opinion>
            <opinion polarity="neutral" start="125" end="150" target="rice vermicelli with liver"></opinion>
            <opinion polarity="neutral" start="163" end="172" target="steam cake"></opinion>
        </opinions>
    </sentence>
    <sentence id="992">
        <text>Also had their eggy porridge, glutinous rice, steam pork balls, siew mai (with pork) and their prawn roll (ha gao).</text>
        <opinions>
            <opinion polarity="neutral" start="30" end="43" target="glutinous rice"></opinion>
            <opinion polarity="neutral" start="46" end="61" target="steam pork balls"></opinion>
            <opinion polarity="neutral" start="64" end="71" target="siew mai"></opinion>
            <opinion polarity="neutral" start="95" end="104" target="prawn roll"></opinion>
            <opinion polarity="neutral" start="107" end="112" target="ha gao"></opinion>
        </opinions>
    </sentence>
    <sentence id="1001">
        <text>Ordered BBQ Pork Buns, Har gow, Shrimp Chee Chong Fun, Ma Lai Gao, Glutinous Rice in Lotus Leaf, I think there are somemore...</text>
        <opinions>
            <opinion polarity="neutral" start="8" end="20" target="BBQ Pork Buns"></opinion>
            <opinion polarity="neutral" start="23" end="29" target="Har gow"></opinion>
            <opinion polarity="neutral" start="32" end="52" target="Shrimp Chee Chong Fun"></opinion>
            <opinion polarity="neutral" start="55" end="64" target="Ma Lai Gao"></opinion>
            <opinion polarity="neutral" start="67" end="94" target="Glutinous Rice in Lotus Leaf"></opinion>
        </opinions>
    </sentence>
    <sentence id="1003">
        <text>I would only recommend BBQ Pork Buns, it was really crispy on the outside and the Char Siew is really juicy on the inside.</text>
        <opinions>
            <opinion polarity="positive" start="23" end="35" target="BBQ Pork Buns"></opinion>
        </opinions>
    </sentence>
    <sentence id="1005">
        <text>Despite of my friend's recommendation for Ma Lai Gao, it was under my expectation ; I didn't like the texture and it tasted really porous lol.</text>
        <opinions>
            <opinion polarity="negative" start="42" end="51" target="Ma Lai Gao"></opinion>
        </opinions>
    </sentence>
    <sentence id="1008">
        <text>Porridge is already sold out even before we get the table, but luckily the char siew bao still available.</text>
        <opinions>
            <opinion polarity="positive" start="75" end="87" target="char siew bao"></opinion>
        </opinions>
    </sentence>
    <sentence id="1009">
        <text>The char siew bao is nice, but only if you eat it there fresh, we bring back some and it taste stale after a few hours.</text>
        <opinions>
            <opinion polarity="positive" start="4" end="16" target="char siew bao"></opinion>
        </opinions>
    </sentence>
    <sentence id="1010">
        <text>The chee chong fun is not good, thick and not smooth enough.</text>
        <opinions>
            <opinion polarity="negative" start="4" end="17" target="chee chong fun"></opinion>
        </opinions>
    </sentence>
    <sentence id="1011">
        <text>The brown sugar malay cake is quite nice, but only me and one of my friends like it, the other 2 of my friends don't really like it.</text>
        <opinions>
            <opinion polarity="positive" start="16" end="25" target="malay cake"></opinion>
        </opinions>
    </sentence>
    <sentence id="1012">
        <text>The spring roll with egg white is really crispy on the outside, I really love it but I think the filling can be better.</text>
        <opinions>
            <opinion polarity="positive" start="4" end="29" target="spring roll with egg white"></opinion>
        </opinions>
    </sentence>
    <sentence id="1013">
        <text>the gui hua gao is fragrant and sweet but could be better if there is less flower petal inside to make it smoother.</text>
        <opinions>
            <opinion polarity="positive" start="4" end="14" target="gui hua gao"></opinion>
        </opinions>
    </sentence>
    <sentence id="1014">
        <text>The pan fried carrot cake, chicken feet, siew mai, beancurd roll, and har kow are just so so, the only thing they can rave about is the ingredients are really fresh, but nothing else.</text>
        <opinions>
            <opinion polarity="neutral" start="4" end="24" target="pan fried carrot cake"></opinion>
            <opinion polarity="neutral" start="27" end="38" target="chicken feet"></opinion>
            <opinion polarity="neutral" start="41" end="48" target="siew mai"></opinion>
            <opinion polarity="neutral" start="51" end="63" target="beancurd roll"></opinion>
            <opinion polarity="neutral" start="70" end="76" target="har kow"></opinion>
        </opinions>
    </sentence>
</sentences>
